id,data_coleta,horario_coleta,supermercado,marca,nome_produto,embalagem,cidade,uf,regiao,preco_atual,preco_original,em_promocao,disponivel,url,erro,categoria,rota_css,url_recuperada,tentativas,grupo
58139,2026-09-10,09:34:11,Pão de Açúcar,Marilan,Água e Sal 300g Marilan,300g,São Paulo,SP,Sudeste,6.99,,0,1,https://www.paodeacucar.com/produto/1639482/biscoito-agua-e-sal-marilan-300g,,Biscoitos,10,,1,Mercearias Secas
58140,2026-09-10,09:34:23,Pão de Açúcar,Mabel,Água e Sal 300g Mabel,300g,São Paulo,SP,Sudeste,6.29,,0,1,https://www.paodeacucar.com/produto/1616940/biscoito-agua-e-sal-mabel-pacote-300g,,Biscoitos,10,,1,Mercearias Secas
58141,2026-09-10,09:34:35,Pão de Açúcar,Vitarella,Água e Sal 350g Vitarella,350g,São Paulo,SP,Sudeste,8.29,,0,1,https://www.paodeacucar.com/produto/1286774/biscoito-agua-e-sal-tradicional-vitarella-pacote-350g,,Biscoitos,10,,1,Mercearias Secas
58142,2026-09-10,09:34:46,Pão de Açúcar,Marilan,Cream Cracker 300g Marilan,300g,São Paulo,SP,Sudeste,7.29,,0,1,https://www.paodeacucar.com/produto/1639385/biscoito-cream-cracker-marilan-300g,,Biscoitos,10,,1,Mercearias Secas
58143,2026-09-10,09:34:58,Pão de Açúcar,Mabel,Cream Cracker 300g Mabel,300g,São Paulo,SP,Sudeste,,,0,0,https://www.paodeacucar.com/produto/1616942/biscoito-cream-cracker-mabel-300g,produto_indisponivel,Biscoitos,,,2,Mercearias Secas
58144,2026-09-10,09:35:20,Pão de Açúcar,Piraquê,Cream Cracker 184g Piraque,184g,São Paulo,SP,Sudeste,,,0,0,https://www.paodeacucar.com/produto/1606433/biscoito-cream-cracker-piraque-pacote-184g,produto_indisponivel,Biscoitos,,,2,Mercearias Secas
58145,2026-09-10,09:35:42,Pão de Açúcar,Marilan,Cream Cracker 140g Marilan,140g,São Paulo,SP,Sudeste,,,0,0,https://www.paodeacucar.com/produto/1448576/biscoito-cream-cracker-marilan-pacote-170g,produto_indisponivel,Biscoitos,,,2,Mercearias Secas
58146,2026-09-10,09:36:06,Pão de Açúcar,Bauducco,Cream Cracker 165g Bauducco,165g,São Paulo,SP,Sudeste,3.79,,0,1,https://www.paodeacucar.com/produto/1629268/biscoito-cream-cracker-tradicional-bauducco-pacote-165g,,Biscoitos,10,,1,Mercearias Secas
58147,2026-09-10,09:36:18,Pão de Açúcar,Adria,Cream Cracker 170g Adria,170g,São Paulo,SP,Sudeste,4.89,,0,1,https://www.paodeacucar.com/produto/1602912/biscoito-cream-cracker-folhado-manteiga-adria-folhata-pacote-170g,,Biscoitos,10,,1,Mercearias Secas
58148,2026-09-10,09:36:29,Pão de Açúcar,Mondelez,Oreo 90g Mondelez,90g,São Paulo,SP,Sudeste,,,0,0,https://www.paodeacucar.com/produto/301575/biscoito-original-oreo-pacote-90g,produto_indisponivel,Biscoitos,,,2,Mercearias Secas
58149,2026-09-10,09:36:50,Pão de Açúcar,Nestlé,Passatempo 150g Nestlé,150g,São Paulo,SP,Sudeste,4.39,,0,1,https://www.paodeacucar.com/produto/177670/biscoito-recheio-chocolate-passatempo-pacote-130g,,Biscoitos,10,,1,Mercearias Secas
58150,2026-09-10,09:37:02,Pão de Açúcar,Bauducco,Recheado Chocolate 140g Bauducco,140g,São Paulo,SP,Sudeste,5.29,,0,1,https://www.paodeacucar.com/produto/310906/biscoito-wafer-recheio-chocolate-bauducco-pacote-140g,,Biscoitos,10,,1,Mercearias Secas
58151,2026-09-10,09:37:12,Pão de Açúcar,Barilla,Macarrão Espaguete 500g Barilla,500g,São Paulo,SP,Sudeste,6.29,,0,1,https://www.paodeacucar.com/produto/279928/macarrao-com-ovos-espaguete-8-barilla-pacote-500g,,Massas,10,,1,Mercearias Secas
58152,2026-09-10,09:37:23,Pão de Açúcar,Adria,Macarrão Espaguete 500g Adria,500g,São Paulo,SP,Sudeste,4.49,,0,1,https://www.paodeacucar.com/produto/111375/macarrao-adria-com-ovos-espaguete---8-500g,,Massas,10,,1,Mercearias Secas
58153,2026-09-10,09:37:33,Pão de Açúcar,Nissin,Miojo Carne 85g Nissin,85g,São Paulo,SP,Sudeste,2.49,,0,1,https://www.paodeacucar.com/produto/169902/macarrao-instantaneo-de-carne-nissin-miojo-lamen-pacote-85g,,Massas,10,,1,Mercearias Secas
58154,2026-09-10,09:37:44,Extra,Marilan,Água e Sal 300g Marilan,300g,São Paulo,SP,Sudeste,6.99,,0,1,https://www.extramercado.com.br/produto/1667484/biscoito-agua-e-sal-marilan-300g,,Biscoitos,10,,1,Mercearias Secas
58155,2026-09-10,09:37:55,Extra,Vitarella,Água e Sal 350g Vitarella,350g,São Paulo,SP,Sudeste,7.79,,0,1,https://www.extramercado.com.br/produto/1376440/biscoito-agua-e-sal-tradicional-vitarella-pacote-350g,,Biscoitos,10,,1,Mercearias Secas
58156,2026-09-10,09:38:06,Extra,Adria,Água e Sal 170g Adria,170g,São Paulo,SP,Sudeste,4.19,,0,1,https://www.extramercado.com.br/produto/1642405/biscoito-agua-e-sal-adria-pacote-170g,,Biscoitos,10,,1,Mercearias Secas
58157,2026-09-10,09:38:18,Extra,Piraquê,Água e Sal 184g Piraque,184g,São Paulo,SP,Sudeste,6.49,,0,1,https://www.extramercado.com.br/produto/1641546/biscoito-agua-e-sal-piraque-pacote-184g,,Biscoitos,10,,1,Mercearias Secas
58158,2026-09-10,09:38:29,Extra,Marilan,Cream Cracker 300g Marilan,300g,São Paulo,SP,Sudeste,6.99,,0,1,https://www.extramercado.com.br/produto/1667380/biscoito-cream-cracker-marilan-300g,,Biscoitos,10,,1,Mercearias Secas
58159,2026-09-10,09:38:40,Extra,Vitarella,Cream Cracker 350g Vitarella,350g,São Paulo,SP,Sudeste,7.79,,0,1,https://www.extramercado.com.br/produto/1376439/biscoito-cream-cracker-amanteigado-tradicional-vitarella-pacote-350g,,Biscoitos,10,,1,Mercearias Secas
58160,2026-09-10,09:38:52,Extra,Piraquê,Cream Cracker 184g Piraque,184g,São Paulo,SP,Sudeste,5.49,,0,1,https://www.extramercado.com.br/produto/1641542/biscoito-cream-cracker-piraque-pacote-184g,,Biscoitos,10,,1,Mercearias Secas
58161,2026-09-10,09:39:03,Extra,Marilan,Cream Cracker 140g Marilan,140g,São Paulo,SP,Sudeste,3.69,,0,1,https://www.extramercado.com.br/produto/1667384/biscoito-cream-cracker-marilan-pacote-140g,,Biscoitos,10,,1,Mercearias Secas
58162,2026-09-10,09:39:14,Extra,Bauducco,Cream Cracker 165g Bauducco,165g,São Paulo,SP,Sudeste,,,0,0,https://www.extramercado.com.br/produto/1660610/biscoito-cream-cracker-tradicional-bauducco-pacote-165g,produto_indisponivel,Biscoitos,,,2,Mercearias Secas
58163,2026-09-10,09:39:37,Extra,Adria,Cream Cracker 170g Adria,170g,São Paulo,SP,Sudeste,4.19,,0,1,https://www.extramercado.com.br/produto/1638049/biscoito-cream-cracker-folhado-manteiga-adria-folhata-pacote-170g,,Biscoitos,10,,1,Mercearias Secas
58164,2026-09-10,09:39:49,Extra,Mondelez,Oreo 90g Mondelez,90g,São Paulo,SP,Sudeste,4.79,,0,1,https://www.extramercado.com.br/produto/323114/biscoito-original-oreo-pacote-90g,,Biscoitos,10,,1,Mercearias Secas
58165,2026-09-10,09:39:59,Extra,Nestlé,Passatempo 150g Nestlé,150g,São Paulo,SP,Sudeste,3.29,,0,1,https://www.extramercado.com.br/produto/177670/biscoito-recheio-chocolate-passatempo-pacote-130g,,Biscoitos,10,,1,Mercearias Secas
58166,2026-09-10,09:40:10,Extra,Bauducco,Recheado Chocolate 140g Bauducco,140g,São Paulo,SP,Sudeste,4.19,,0,1,https://www.extramercado.com.br/produto/335660/biscoito-wafer-recheio-chocolate-bauducco-pacote-140g,,Biscoitos,10,,1,Mercearias Secas
58167,2026-09-10,09:40:20,Extra,Barilla,Macarrão Espaguete 500g Barilla,500g,São Paulo,SP,Sudeste,6.29,,0,1,https://www.extramercado.com.br/produto/305593/macarrao-com-ovos-espaguete-8-barilla-pacote-500g,,Massas,10,,1,Mercearias Secas
58168,2026-09-10,09:40:32,Extra,Adria,Macarrão Espaguete 500g Adria,500g,São Paulo,SP,Sudeste,3.89,,0,1,https://www.extramercado.com.br/produto/111375/macarrao-adria-com-ovos-espaguete---8-500g,,Massas,10,,1,Mercearias Secas
58169,2026-09-10,09:40:43,Extra,Dona Benta,Macarrão Espaguete 500g Dona Benta,500g,São Paulo,SP,Sudeste,,,0,0,https://www.extramercado.com.br/produto/5789/macarrao-de-semola-com-ovos-linguine-dona-benta-pacote-500g,produto_indisponivel,Massas,,,2,Mercearias Secas
58170,2026-09-10,09:41:05,Extra,Nissin,Miojo Carne 85g Nissin,85g,São Paulo,SP,Sudeste,2.49,,0,1,https://www.extramercado.com.br/produto/169902/macarrao-instantaneo-de-carne-nissin-miojo-lamen-pacote-85g,,Massas,10,,1,Mercearias Secas
58171,2026-09-10,09:41:17,Atacadão,Marilan,Água e Sal 300g Marilan,300g,São Paulo,SP,Sudeste,6.29,,0,1,https://www.atacadao.com.br/biscoito-marilan-agua-e-sal-12305-61201/p,,Biscoitos,10,,1,Mercearias Secas
58172,2026-09-10,09:41:26,Atacadão,Mabel,Água e Sal 300g Mabel,300g,São Paulo,SP,Sudeste,,,0,0,https://www.atacadao.com.br/biscoito-mabel-agua-e-sal-90091-40582/p,produto_indisponivel,Biscoitos,,,2,Mercearias Secas
58173,2026-09-10,09:41:50,Atacadão,Vitarella,Água e Sal 350g Vitarella,350g,São Paulo,SP,Sudeste,6.59,,0,1,https://www.atacadao.com.br/biscoito-vitarella-agua-e-sal-pacote-com-350g-75654-31551/p,,Biscoitos,10,,1,Mercearias Secas
58174,2026-09-10,09:41:59,Atacadão,Adria,Água e Sal 170g Adria,170g,São Paulo,SP,Sudeste,2.98,,0,1,https://www.atacadao.com.br/biscoito-adria-agua-e-sal-86312-24062/p,,Biscoitos,10,,1,Mercearias Secas
58175,2026-09-10,09:42:08,Atacadão,Mabel,Cream Cracker 300g Mabel,300g,São Paulo,SP,Sudeste,,,0,0,https://www.atacadao.com.br/biscoito-mabel-cream-cracker-90090-40581/p,produto_indisponivel,Biscoitos,,,2,Mercearias Secas
58176,2026-09-10,09:42:33,Atacadão,Vitarella,Cream Cracker 350g Vitarella,350g,São Paulo,SP,Sudeste,6.59,,0,1,https://www.atacadao.com.br/biscoito-cream-cracker-vitarella-tradicional-75658-25458/p,,Biscoitos,10,,1,Mercearias Secas
58177,2026-09-10,09:42:44,Atacadão,Marilan,Cream Cracker 140g Marilan,140g,São Paulo,SP,Sudeste,3.39,,0,1,https://www.atacadao.com.br/biscoito-marilan-cream-cracker-12307-61182/p,,Biscoitos,10,,1,Mercearias Secas
58178,2026-09-10,09:42:54,Atacadão,Adria,Cream Cracker 170g Adria,170g,São Paulo,SP,Sudeste,2.98,,0,1,https://www.atacadao.com.br/biscoito-adria-cream-cracker-86314-24086/p,,Biscoitos,10,,1,Mercearias Secas
58179,2026-09-10,09:43:05,Atacadão,Mondelez,Oreo 90g Mondelez,90g,São Paulo,SP,Sudeste,3.59,,0,1,https://www.atacadao.com.br/biscoito-recheado-oreo-original-49265-28699/p,,Biscoitos,10,,1,Mercearias Secas
58180,2026-09-10,09:43:16,Atacadão,Nestlé,Passatempo 150g Nestlé,150g,São Paulo,SP,Sudeste,1.79,,0,1,https://www.atacadao.com.br/biscoito-recheado-passatempo-nestle-chocolate-pacote-com-130g-55979-28839/p,,Biscoitos,10,,1,Mercearias Secas
58181,2026-09-10,09:43:29,Atacadão,Bauducco,Recheado Chocolate 140g Bauducco,140g,São Paulo,SP,Sudeste,3.19,,0,1,https://www.atacadao.com.br/biscoito-wafer-bauducco-chocolate-39393-31872/p,,Biscoitos,10,,1,Mercearias Secas
58182,2026-09-10,09:43:39,Atacadão,Piraquê,Recheado Chocolate 100g Piraque,100g,São Paulo,SP,Sudeste,2.97,,0,1,https://www.atacadao.com.br/biscoito-wafer-piraque-chocolate-pacote-com-100g-76847-32707/p,,Biscoitos,10,,1,Mercearias Secas
58183,2026-09-10,09:43:49,Atacadão,Barilla,Macarrão Espaguete 500g Barilla,500g,São Paulo,SP,Sudeste,3.99,,0,1,https://www.atacadao.com.br/macarrao-com-ovos-barilla-espaguete-8-74384-1093/p,,Massas,10,,1,Mercearias Secas
58184,2026-09-10,09:44:01,Atacadão,Adria,Macarrão Espaguete 500g Adria,500g,São Paulo,SP,Sudeste,,,0,0,https://www.atacadao.com.br/macarrao-com-ovos-adria-espaguete-34028-1061/p,produto_indisponivel,Massas,,,2,Mercearias Secas
58185,2026-09-10,09:44:24,Atacadão,Camil,Macarrão Espaguete 500g Camil,500g,São Paulo,SP,Sudeste,2.99,,0,1,https://www.atacadao.com.br/macarrao-com-ovos-camil-espaguete-94005-44267/p,,Massas,10,,1,Mercearias Secas
58186,2026-09-10,09:44:35,Atacadão,Dona Benta,Macarrão Espaguete 500g Dona Benta,500g,São Paulo,SP,Sudeste,2.39,,0,1,https://www.atacadao.com.br/macarrao-com-ovos-dona-benta-espaguete-pacote-com-500g-1998-1187/p,,Massas,10,,1,Mercearias Secas
58187,2026-09-10,09:44:45,Atacadão,Nissin,Miojo Carne 85g Nissin,85g,São Paulo,SP,Sudeste,2.09,,0,1,https://www.atacadao.com.br/macarrao-instantaneo-nissin-lamen-carne-5612-3297/p,,Massas,10,,1,Mercearias Secas
58188,2026-09-10,00:00:00,Pão de Açúcar,Piraquê,Cream Cracker 184g Piraque,184g,São Paulo,SP,Sudeste,5.99,,0,1,https://www.paodeacucar.com/produto/1606433/biscoito-cream-cracker-piraque-pacote-184g,copiado_dia_anterior,Biscoitos,99,,1,Mercearias Secas
58189,2026-09-10,00:00:00,Extra,Dona Benta,Macarrão Espaguete 500g Dona Benta,500g,São Paulo,SP,Sudeste,3.29,,0,1,https://www.extramercado.com.br/produto/5789/macarrao-de-semola-com-ovos-linguine-dona-benta-pacote-500g,copiado_dia_anterior,Massas,99,,1,Mercearias Secas
58190,2026-09-10,00:00:00,Atacadão,Adria,Macarrão Espaguete 500g Adria,500g,São Paulo,SP,Sudeste,2.69,,0,1,https://www.atacadao.com.br/macarrao-com-ovos-adria-espaguete-34028-1061/p,copiado_dia_anterior,Massas,99,,1,Mercearias Secas
58191,2026-09-10,00:00:00,Pão de Açúcar,Heineken,Heineken Lata,350ml,São Paulo,SP,Sudeste,4.79,,0,1,https://www.paodeacucar.com/produto/1606865/cerveja-heineken-lata-sleek-350ml,copiado_dia_anterior,Cervejas,99,,1,Cervejas
58192,2026-09-10,00:00:00,Pão de Açúcar,Heineken,Heineken Lata,269ml,São Paulo,SP,Sudeste,4.99,,0,1,https://www.paodeacucar.com/produto/1376370/cerveja-lager-puro-malte-heineken-lata-269ml,copiado_dia_anterior,Cervejas,99,,1,Cervejas
58193,2026-09-10,00:00:00,Pão de Açúcar,Heineken,Heineken 0.0,350ml,São Paulo,SP,Sudeste,4.79,,0,1,https://www.paodeacucar.com/produto/1606861/cerveja-heineken-zero-lata-sleek-350ml,copiado_dia_anterior,Cervejas,99,,1,Cervejas
58194,2026-09-10,00:00:00,Pão de Açúcar,Skol,Skol Lata,269ml,São Paulo,SP,Sudeste,2.99,,0,1,https://www.paodeacucar.com/produto/71229/cerveja-skol-pilsen-lata-269ml,copiado_dia_anterior,Cervejas,99,,1,Cervejas
58195,2026-09-10,00:00:00,Pão de Açúcar,Brahma,Brahma Duplo Malte,350ml,São Paulo,SP,Sudeste,3.79,,0,1,https://www.paodeacucar.com/produto/462219/cerveja-pilsner-duplo-malte-brahma-lata-350ml,copiado_dia_anterior,Cervejas,99,,1,Cervejas
58196,2026-09-10,00:00:00,Pão de Açúcar,Stella Artois,Stella Artois Long Neck,330ml,São Paulo,SP,Sudeste,5.89,,0,1,https://www.paodeacucar.com/produto/452630/cerveja-lager-premium-puro-malte-stella-artois-garrafa-330ml,copiado_dia_anterior,Cervejas,99,,1,Cervejas
58197,2026-09-10,00:00:00,Pão de Açúcar,Corona,Corona Extra Long Neck,330ml,São Paulo,SP,Sudeste,6.99,,0,1,https://www.paodeacucar.com/produto/456783/cerveja-pilsen-corona-garrafa-330ml,copiado_dia_anterior,Cervejas,99,,1,Cervejas
58198,2026-09-10,00:00:00,Pão de Açúcar,Corona,Corona Extra Lata,350ml,São Paulo,SP,Sudeste,6.65,,0,1,https://www.paodeacucar.com/produto/1461878/cerveja-corona-extra-lata-350ml,copiado_dia_anterior,Cervejas,99,,1,Cervejas
58199,2026-09-10,00:00:00,Pão de Açúcar,Budweiser,Budweiser Lata,269ml,São Paulo,SP,Sudeste,2.99,,0,1,https://www.paodeacucar.com/produto/323696/cerveja-pilsen-budweiser-lata-269ml,copiado_dia_anterior,Cervejas,99,,1,Cervejas
58200,2026-09-10,00:00:00,Pão de Açúcar,Amstel,Amstel Lata,350ml,São Paulo,SP,Sudeste,4.19,,0,1,https://www.paodeacucar.com/produto/1606864/cerveja-lager-puro-malte-amstel-lata-350ml,copiado_dia_anterior,Cervejas,99,,1,Cervejas
58201,2026-09-10,00:00:00,Pão de Açúcar,Amstel,Amstel Lata,269ml,São Paulo,SP,Sudeste,2.79,,0,1,https://www.paodeacucar.com/produto/339944/cerveja-lager-puro-malte-amstel-lata-269ml,copiado_dia_anterior,Cervejas,99,,1,Cervejas
58202,2026-09-10,00:00:00,Pão de Açúcar,Spaten,Spaten Puro Malte Lata,350ml,São Paulo,SP,Sudeste,3.99,,0,1,https://www.paodeacucar.com/produto/583963/cerveja-munich-helles-puro-malte-spaten-lata-350ml,copiado_dia_anterior,Cervejas,99,,1,Cervejas
58203,2026-09-10,00:00:00,Pão de Açúcar,Spaten,Spaten Puro Malte Lata,269ml,São Paulo,SP,Sudeste,3.79,,0,1,https://www.paodeacucar.com/produto/1461013/cerveja-munich-helles-puro-malte-spaten-lata-269ml,copiado_dia_anterior,Cervejas,99,,1,Cervejas
58204,2026-09-10,00:00:00,Pão de Açúcar,Original,Original Lata,269ml,São Paulo,SP,Sudeste,3.19,,0,1,https://www.paodeacucar.com/produto/479389/cerveja-pilsen-antarctica-original-lata-269ml,copiado_dia_anterior,Cervejas,99,,1,Cervejas
58205,2026-09-10,00:00:00,Pão de Açúcar,Itaipava,Itaipava Lata,350ml,São Paulo,SP,Sudeste,3.29,,0,1,https://www.paodeacucar.com/produto/112967/cerveja-pilsen-itaipava-lata-350ml,copiado_dia_anterior,Cervejas,99,,1,Cervejas
58206,2026-09-10,00:00:00,Extra,Heineken,Heineken Lata,350ml,São Paulo,SP,Sudeste,4.79,,0,1,https://www.extramercado.com.br/produto/1641976/cerveja-heineken-lata-sleek-350ml,copiado_dia_anterior,Cervejas,99,,1,Cervejas
58207,2026-09-10,00:00:00,Extra,Heineken,Heineken Lata,269ml,São Paulo,SP,Sudeste,4.99,,0,1,https://www.extramercado.com.br/produto/1440048/cerveja-lager-puro-malte-heineken-lata-269ml,copiado_dia_anterior,Cervejas,99,,1,Cervejas
58208,2026-09-10,00:00:00,Extra,Heineken,Heineken 0.0,350ml,São Paulo,SP,Sudeste,4.79,,0,1,https://www.extramercado.com.br/produto/1641970/cerveja-heineken-zero-lata-sleek-350ml,copiado_dia_anterior,Cervejas,99,,1,Cervejas
58209,2026-09-10,00:00:00,Extra,Skol,Skol Lata,350ml,São Paulo,SP,Sudeste,3.89,,0,1,https://www.extramercado.com.br/produto/91224/cerveja-pilsen-skol-lata-350ml,copiado_dia_anterior,Cervejas,99,,1,Cervejas
58210,2026-09-10,00:00:00,Extra,Brahma,Brahma Duplo Malte,350ml,São Paulo,SP,Sudeste,3.79,,0,1,https://www.extramercado.com.br/produto/485275/cerveja-pilsner-duplo-malte-brahma-lata-350ml,copiado_dia_anterior,Cervejas,99,,1,Cervejas
58211,2026-09-10,00:00:00,Extra,Brahma,Brahma Duplo Malte,269ml,São Paulo,SP,Sudeste,3.49,,0,1,https://www.extramercado.com.br/produto/869637/cerveja-pilsner-duplo-malte-brahma-lata-269ml,copiado_dia_anterior,Cervejas,99,,1,Cervejas
58212,2026-09-10,00:00:00,Extra,Corona,Corona Extra Long Neck,330ml,São Paulo,SP,Sudeste,7.79,,0,1,https://www.extramercado.com.br/produto/452503/cerveja-pilsen-corona-garrafa-330ml,copiado_dia_anterior,Cervejas,99,,1,Cervejas
58213,2026-09-10,00:00:00,Extra,Corona,Corona Extra Lata,350ml,São Paulo,SP,Sudeste,6.65,,0,1,https://www.extramercado.com.br/produto/1500760/cerveja-corona-extra-lata-350ml,copiado_dia_anterior,Cervejas,99,,1,Cervejas
58214,2026-09-10,00:00:00,Extra,Budweiser,Budweiser Lata,269ml,São Paulo,SP,Sudeste,3.59,,0,1,https://www.extramercado.com.br/produto/347007/cerveja-pilsen-budweiser-lata-269ml,copiado_dia_anterior,Cervejas,99,,1,Cervejas
58215,2026-09-10,00:00:00,Extra,Amstel,Amstel Lata,350ml,São Paulo,SP,Sudeste,4.49,,0,1,https://www.extramercado.com.br/produto/1641973/cerveja-lager-puro-malte-amstel-lata-350ml,copiado_dia_anterior,Cervejas,99,,1,Cervejas
58216,2026-09-10,00:00:00,Extra,Amstel,Amstel Lata,269ml,São Paulo,SP,Sudeste,2.79,,0,1,https://www.extramercado.com.br/produto/369620/cerveja-lager-puro-malte-amstel-lata-269ml,copiado_dia_anterior,Cervejas,99,,1,Cervejas
58217,2026-09-10,00:00:00,Extra,Spaten,Spaten Puro Malte Lata,350ml,São Paulo,SP,Sudeste,4.09,,0,1,https://www.extramercado.com.br/produto/628110/cerveja-munich-helles-puro-malte-spaten-lata-350ml,copiado_dia_anterior,Cervejas,99,,1,Cervejas
58218,2026-09-10,00:00:00,Extra,Spaten,Spaten Puro Malte Lata,269ml,São Paulo,SP,Sudeste,3.79,,0,1,https://www.extramercado.com.br/produto/1500377/cerveja-munich-helles-puro-malte-spaten-lata-269ml,copiado_dia_anterior,Cervejas,99,,1,Cervejas
58219,2026-09-10,00:00:00,Extra,Original,Original Lata,350ml,São Paulo,SP,Sudeste,4.89,,0,1,https://www.extramercado.com.br/produto/434881/cerveja-pilsen-antarctica-original-lata-350ml,copiado_dia_anterior,Cervejas,99,,1,Cervejas
58220,2026-09-10,00:00:00,Extra,Original,Original Lata,269ml,São Paulo,SP,Sudeste,3.59,,0,1,https://www.extramercado.com.br/produto/519820/cerveja-pilsen-antarctica-original-lata-269ml,copiado_dia_anterior,Cervejas,99,,1,Cervejas
58221,2026-09-10,00:00:00,Extra,Itaipava,Itaipava Lata,350ml,São Paulo,SP,Sudeste,3.29,,0,1,https://www.extramercado.com.br/produto/112967/cerveja-pilsen-itaipava-lata-350ml,copiado_dia_anterior,Cervejas,99,,1,Cervejas
58222,2026-09-10,00:00:00,Atacadão,Heineken,Heineken Lata,350ml,São Paulo,SP,Sudeste,4.79,,0,1,https://www.atacadao.com.br/cerveja-heineken-sleek-86733-12486/p,copiado_dia_anterior,Cervejas,99,,1,Cervejas
58223,2026-09-10,00:00:00,Atacadão,Heineken,Heineken Lata,269ml,São Paulo,SP,Sudeste,3.79,,0,1,https://www.atacadao.com.br/cerveja-heineken-lata-com-269ml-76983-12460/p,copiado_dia_anterior,Cervejas,99,,1,Cervejas
58224,2026-09-10,00:00:00,Atacadão,Heineken,Heineken 0.0,350ml,São Paulo,SP,Sudeste,4.79,,0,1,https://www.atacadao.com.br/cerveja-heineken-zero-sleek-86709-12501/p,copiado_dia_anterior,Cervejas,99,,1,Cervejas
58225,2026-09-10,00:00:00,Atacadão,Amstel,Amstel Lata,269ml,São Paulo,SP,Sudeste,2.79,,0,1,https://www.atacadao.com.br/cerveja-amstel-54353-11244/p,copiado_dia_anterior,Cervejas,99,,1,Cervejas
58226,2026-09-10,00:00:00,Atacadão,Spaten,Spaten Puro Malte Lata,350ml,São Paulo,SP,Sudeste,4.99,,0,1,https://www.atacadao.com.br/cerveja-spaten-puro-malte-lata-com-350ml-74632-13351/p,copiado_dia_anterior,Cervejas,99,,1,Cervejas
58227,2026-09-10,00:00:00,Atacadão,Spaten,Spaten Puro Malte Lata,269ml,São Paulo,SP,Sudeste,3.49,,0,1,https://www.atacadao.com.br/cerveja-puro-malte-spaten-lata-com-269ml-83458-13164/p,copiado_dia_anterior,Cervejas,99,,1,Cervejas
58228,2026-09-10,00:00:00,Atacadão,Original,Original Lata,269ml,São Paulo,SP,Sudeste,2.69,,0,1,https://www.atacadao.com.br/cerveja-original-lata-com-269ml-71793-12854/p,copiado_dia_anterior,Cervejas,99,,1,Cervejas
58229,2026-09-10,00:00:00,Atacadão,Itaipava,Itaipava Lata,350ml,São Paulo,SP,Sudeste,3.49,,0,1,https://www.atacadao.com.br/cerveja-itaipava-9850-12669/p,copiado_dia_anterior,Cervejas,99,,1,Cervejas
58230,2026-09-10,00:00:00,Pão de Açúcar,Sadia,Salsicha Hot Dog 500g Sadia,500g,São Paulo,SP,Sudeste,14.9,,0,1,https://www.paodeacucar.com/produto/114859/salsicha-hot-dog-sadia-500g-10-unidades,copiado_dia_anterior,Carnes,99,,1,"Carnes, Processados e Preparados"
58231,2026-09-10,00:00:00,Pão de Açúcar,Perdigão,Salsicha Hot Dog 500g Perdigão,500g,São Paulo,SP,Sudeste,13.5,,0,1,https://www.paodeacucar.com/produto/113887/salsicha-hot-dog-perdigao-500g-12-unidades,copiado_dia_anterior,Carnes,99,,1,"Carnes, Processados e Preparados"
58232,2026-09-10,00:00:00,Pão de Açúcar,Seara,Salsicha Hot Dog 500g Seara,500g,São Paulo,SP,Sudeste,12.99,,0,1,https://www.paodeacucar.com/produto/21730/salsicha-hot-dog-seara-500g,copiado_dia_anterior,Carnes,99,,1,"Carnes, Processados e Preparados"
58233,2026-09-10,00:00:00,Pão de Açúcar,Perdigão,Linguiça Toscana 700g Perdigão,700g,São Paulo,SP,Sudeste,29.5,,0,1,https://www.paodeacucar.com/produto/1638980/linguica-toscana-perdigao-na-brasa-700g,copiado_dia_anterior,Carnes,99,,1,"Carnes, Processados e Preparados"
58234,2026-09-10,00:00:00,Pão de Açúcar,Swift,Linguiça Toscana 700g Swift,700g,São Paulo,SP,Sudeste,18.9,,0,1,https://www.paodeacucar.com/produto/434959/linguica-toscana-swift-700g,copiado_dia_anterior,Carnes,99,,1,"Carnes, Processados e Preparados"
58235,2026-09-10,00:00:00,Pão de Açúcar,Sadia,Nuggets de Frango 300g Sadia,300g,São Paulo,SP,Sudeste,9.03,,0,1,https://www.paodeacucar.com/produto/142969/empanado-de-frango-peito-crocante-sadia-nuggets-pacote-300g,copiado_dia_anterior,Carnes,99,,1,"Carnes, Processados e Preparados"
58236,2026-09-10,00:00:00,Pão de Açúcar,Sadia,Lasanha Bolonhesa 600g Sadia,600g,São Paulo,SP,Sudeste,21.9,,0,1,https://www.paodeacucar.com/produto/344410/lasanha-bolonhesa-sadia-pacote-600g,copiado_dia_anterior,Carnes,99,,1,"Carnes, Processados e Preparados"
58237,2026-09-10,00:00:00,Pão de Açúcar,Perdigão,Lasanha Bolonhesa 600g Perdigão,600g,São Paulo,SP,Sudeste,15.92,,0,1,https://www.paodeacucar.com/produto/391814/lasanha-bolonhesa-perdigao-nosso-menu-pacote-600g,copiado_dia_anterior,Carnes,99,,1,"Carnes, Processados e Preparados"
58238,2026-09-10,00:00:00,Pão de Açúcar,Seara,Lasanha Bolonhesa 600g Seara,600g,São Paulo,SP,Sudeste,19.9,,0,1,https://www.paodeacucar.com/produto/113511/lasanha-bolonhesa-seara-600g,copiado_dia_anterior,Carnes,99,,1,"Carnes, Processados e Preparados"
58239,2026-09-10,00:00:00,Pão de Açúcar,Sadia,Peito de Frango 1kg Sadia,1kg,São Paulo,SP,Sudeste,19.9,,0,1,https://www.paodeacucar.com/produto/65885/file-de-peito-de-frango-congelado-sem-pele-sem-osso-sadia-1kg,copiado_dia_anterior,Carnes,99,,1,"Carnes, Processados e Preparados"
58240,2026-09-10,00:00:00,Pão de Açúcar,Seara,Peito de Frango 1kg Seara,1kg,São Paulo,SP,Sudeste,17.5,,0,1,https://www.paodeacucar.com/produto/217037/coxa-de-frango-congelada-seara-1kg,copiado_dia_anterior,Carnes,99,,1,"Carnes, Processados e Preparados"
58241,2026-09-10,00:00:00,Pão de Açúcar,Swift,Coxa de Frango 1kg Swift,1kg,São Paulo,SP,Sudeste,13.9,,0,1,https://www.paodeacucar.com/produto/445594/coxa-de-frango-swift-1kg,copiado_dia_anterior,Carnes,99,,1,"Carnes, Processados e Preparados"
58242,2026-09-10,00:00:00,Pão de Açúcar,Swift,Asa de Frango 1kg Swift,1kg,São Paulo,SP,Sudeste,15.9,,0,1,https://www.paodeacucar.com/produto/452777/asa-de-frango-swift-bandeja-1kg,copiado_dia_anterior,Carnes,99,,1,"Carnes, Processados e Preparados"
58243,2026-09-10,00:00:00,Pão de Açúcar,Bassi,Fraldinha 1kg Bassi,1kg,São Paulo,SP,Sudeste,98.89,,0,1,"https://www.paodeacucar.com/produto/114843/fraldinha-extra-limpa-bovina-bassi-1,2kg",copiado_dia_anterior,Carnes,99,,1,"Carnes, Processados e Preparados"
58244,2026-09-10,00:00:00,Pão de Açúcar,Bassi,Picanha 1kg Bassi,1kg,São Paulo,SP,Sudeste,207.87,,0,1,"https://www.paodeacucar.com/produto/115631/picanha-bovina-extra-limpa-pedaco-bassi-a vacuo-1,4kg",copiado_dia_anterior,Carnes,99,,1,"Carnes, Processados e Preparados"
58245,2026-09-10,00:00:00,Pão de Açúcar,Friboi,Picanha 1kg Friboi,1kg,São Paulo,SP,Sudeste,127.35,,0,1,"https://www.paodeacucar.com/produto/164337/picanha-resfriada-maturatta-friboi-1,7kg",copiado_dia_anterior,Carnes,99,,1,"Carnes, Processados e Preparados"
58246,2026-09-10,00:00:00,Pão de Açúcar,Swift,Carne Moida 1kg Swift,1kg,São Paulo,SP,Sudeste,43.9,,0,1,https://www.paodeacucar.com/produto/1616628/carne-moida-swift-1kg,copiado_dia_anterior,Carnes,99,,1,"Carnes, Processados e Preparados"
58247,2026-09-10,00:00:00,Extra,Sadia,Salsicha Hot Dog 500g Sadia,500g,São Paulo,SP,Sudeste,13.5,,0,1,https://www.extramercado.com.br/produto/114859/salsicha-hot-dog-sadia-500g-10-unidades,copiado_dia_anterior,Carnes,99,,1,"Carnes, Processados e Preparados"
58248,2026-09-10,00:00:00,Extra,Perdigão,Salsicha Hot Dog 500g Perdigão,500g,São Paulo,SP,Sudeste,11.99,,0,1,https://www.extramercado.com.br/produto/113887/salsicha-hot-dog-perdigao-500g-12-unidades,copiado_dia_anterior,Carnes,99,,1,"Carnes, Processados e Preparados"
58249,2026-09-10,00:00:00,Extra,Seara,Salsicha Hot Dog 500g Seara,500g,São Paulo,SP,Sudeste,14.5,,0,1,https://www.extramercado.com.br/produto/21730/salsicha-hot-dog-seara-500g,copiado_dia_anterior,Carnes,99,,1,"Carnes, Processados e Preparados"
58250,2026-09-10,00:00:00,Extra,Sadia,Linguiça Toscana 700g Sadia,700g,São Paulo,SP,Sudeste,24.9,,0,1,https://www.extramercado.com.br/produto/1649350/linguica-toscana-sadia-700g,copiado_dia_anterior,Carnes,99,,1,"Carnes, Processados e Preparados"
58251,2026-09-10,00:00:00,Extra,Perdigão,Linguiça Toscana 700g Perdigão,700g,São Paulo,SP,Sudeste,30.5,,0,1,https://www.extramercado.com.br/produto/1667071/linguica-toscana-perdigao-na-brasa-700g,copiado_dia_anterior,Carnes,99,,1,"Carnes, Processados e Preparados"
58252,2026-09-10,00:00:00,Extra,Swift,Linguiça Toscana 700g Swift,700g,São Paulo,SP,Sudeste,18.9,,0,1,https://www.extramercado.com.br/produto/422282/linguica-toscana-swift-700g,copiado_dia_anterior,Carnes,99,,1,"Carnes, Processados e Preparados"
58253,2026-09-10,00:00:00,Extra,Sadia,Nuggets de Frango 300g Sadia,300g,São Paulo,SP,Sudeste,9.03,,0,1,https://www.extramercado.com.br/produto/142969/empanado-de-frango-peito-crocante-sadia-nuggets-pacote-300g,copiado_dia_anterior,Carnes,99,,1,"Carnes, Processados e Preparados"
58254,2026-09-10,00:00:00,Extra,Sadia,Lasanha Bolonhesa 600g Sadia,600g,São Paulo,SP,Sudeste,18.9,,0,1,https://www.extramercado.com.br/produto/374206/lasanha-bolonhesa-sadia-pacote-600g,copiado_dia_anterior,Carnes,99,,1,"Carnes, Processados e Preparados"
58255,2026-09-10,00:00:00,Extra,Perdigão,Lasanha Bolonhesa 600g Perdigão,600g,São Paulo,SP,Sudeste,15.92,,0,1,https://www.extramercado.com.br/produto/392502/lasanha-bolonhesa-perdigao-nosso-menu-pacote-600g,copiado_dia_anterior,Carnes,99,,1,"Carnes, Processados e Preparados"
58256,2026-09-10,00:00:00,Extra,Seara,Lasanha Bolonhesa 600g Seara,600g,São Paulo,SP,Sudeste,18.9,,0,1,https://www.extramercado.com.br/produto/113511/lasanha-bolonhesa-seara-600g,copiado_dia_anterior,Carnes,99,,1,"Carnes, Processados e Preparados"
58257,2026-09-10,00:00:00,Extra,Sadia,Peito de Frango 1kg Sadia,1kg,São Paulo,SP,Sudeste,29.9,,0,1,https://www.extramercado.com.br/produto/65885/file-de-peito-de-frango-congelado-sem-pele-sem-osso-sadia-1kg,copiado_dia_anterior,Carnes,99,,1,"Carnes, Processados e Preparados"
58258,2026-09-10,00:00:00,Extra,Swift,Peito de Frango 1kg Swift,1kg,São Paulo,SP,Sudeste,26.9,,0,1,https://www.extramercado.com.br/produto/422487/file-de-peito-de-frango-swift-do-campo-1kg,copiado_dia_anterior,Carnes,99,,1,"Carnes, Processados e Preparados"
58259,2026-09-10,00:00:00,Extra,Sadia,Coxa de Frango 1kg Sadia,1kg,São Paulo,SP,Sudeste,18.9,,0,1,https://www.extramercado.com.br/produto/66810/coxa-de-frango-congelada-sadia-1kg,copiado_dia_anterior,Carnes,99,,1,"Carnes, Processados e Preparados"
58260,2026-09-10,00:00:00,Extra,Swift,Coxa de Frango 1kg Swift,1kg,São Paulo,SP,Sudeste,13.9,,0,1,https://www.extramercado.com.br/produto/422468/coxa-de-frango-swift-1kg,copiado_dia_anterior,Carnes,99,,1,"Carnes, Processados e Preparados"
58261,2026-09-10,00:00:00,Extra,Seara,Coxa de Frango 1kg Seara,1kg,São Paulo,SP,Sudeste,16.5,,0,1,https://www.extramercado.com.br/produto/217037/coxa-de-frango-congelada-seara-1kg,copiado_dia_anterior,Carnes,99,,1,"Carnes, Processados e Preparados"
58262,2026-09-10,00:00:00,Extra,Swift,Asa de Frango 1kg Swift,1kg,São Paulo,SP,Sudeste,15.9,,0,1,https://www.extramercado.com.br/produto/463439/asa-de-frango-swift-bandeja-1kg,copiado_dia_anterior,Carnes,99,,1,"Carnes, Processados e Preparados"
58263,2026-09-10,00:00:00,Extra,Bassi,Fraldinha 1kg Bassi,1kg,São Paulo,SP,Sudeste,109.99,,0,1,"https://www.extramercado.com.br/produto/114843/fraldinha-extra-limpa-bovina-bassi-1,2kg",copiado_dia_anterior,Carnes,99,,1,"Carnes, Processados e Preparados"
58264,2026-09-10,00:00:00,Extra,Bassi,Picanha 1kg Bassi,1kg,São Paulo,SP,Sudeste,207.87,,0,1,"https://www.extramercado.com.br/produto/115631/picanha-bovina-extra-limpa-pedaco-bassi-a%C2%A0vacuo-1,4kg",copiado_dia_anterior,Carnes,99,,1,"Carnes, Processados e Preparados"
58265,2026-09-10,00:00:00,Extra,Swift,Carne Moida 1kg Swift,1kg,São Paulo,SP,Sudeste,43.9,,0,1,https://www.extramercado.com.br/produto/1651983/carne-moida-swift-1kg,copiado_dia_anterior,Carnes,99,,1,"Carnes, Processados e Preparados"
58266,2026-09-10,00:00:00,Atacadão,Sadia,Salsicha Hot Dog 500g Sadia,500g,São Paulo,SP,Sudeste,13.5,,0,1,https://www.atacadao.com.br/salsicha-hot-dog-sadia-resfriada-49270-17530/p,copiado_dia_anterior,Carnes,99,,1,"Carnes, Processados e Preparados"
58267,2026-09-10,00:00:00,Atacadão,Perdigão,Salsicha Hot Dog 500g Perdigão,500g,São Paulo,SP,Sudeste,6.47,,0,1,https://www.atacadao.com.br/salsicha-hot-dog-perdigao-resfriada-5970-17504/p,copiado_dia_anterior,Carnes,99,,1,"Carnes, Processados e Preparados"
58268,2026-09-10,00:00:00,Atacadão,Seara,Salsicha Hot Dog 500g Seara,500g,São Paulo,SP,Sudeste,5.57,,0,1,https://www.atacadao.com.br/salsicha-hot-dog-seara-resfriada-62542-17547/p,copiado_dia_anterior,Carnes,99,,1,"Carnes, Processados e Preparados"
58269,2026-09-10,00:00:00,Atacadão,Sadia,Linguiça Toscana 700g Sadia,700g,São Paulo,SP,Sudeste,12.97,,0,1,https://www.atacadao.com.br/linguica-toscana-sadia-congelada-86374-36784/p,copiado_dia_anterior,Carnes,99,,1,"Carnes, Processados e Preparados"
58270,2026-09-10,00:00:00,Atacadão,Perdigão,Linguiça Toscana 700g Perdigão,700g,São Paulo,SP,Sudeste,11.47,,0,1,https://www.atacadao.com.br/linguica-toscana-perdigao-nabrasa-9975-59299/p,copiado_dia_anterior,Carnes,99,,1,"Carnes, Processados e Preparados"
58271,2026-09-10,00:00:00,Atacadão,Sadia,Nuggets de Frango 300g Sadia,300g,São Paulo,SP,Sudeste,9.98,,0,1,https://www.atacadao.com.br/nuggets-de-frango-sadia-crocante-19582-15758/p,copiado_dia_anterior,Carnes,99,,1,"Carnes, Processados e Preparados"
58272,2026-09-10,00:00:00,Atacadão,Sadia,Lasanha Bolonhesa 600g Sadia,600g,São Paulo,SP,Sudeste,16.47,,0,1,https://www.atacadao.com.br/lasanha-sadia-congelada-bolonhesa-54196-29612/p,copiado_dia_anterior,Carnes,99,,1,"Carnes, Processados e Preparados"
58273,2026-09-10,00:00:00,Atacadão,Perdigão,Lasanha Bolonhesa 600g Perdigão,600g,São Paulo,SP,Sudeste,16.9,,0,1,https://www.atacadao.com.br/lasanha-perdigao-congelada-bolonhesa-58251-29563/p,copiado_dia_anterior,Carnes,99,,1,"Carnes, Processados e Preparados"
58274,2026-09-10,00:00:00,Atacadão,Seara,Lasanha Bolonhesa 600g Seara,600g,São Paulo,SP,Sudeste,14.9,,0,1,https://www.atacadao.com.br/lasanha-seara-congelada-bolonhesa-32549-29633/p,copiado_dia_anterior,Carnes,99,,1,"Carnes, Processados e Preparados"
58275,2026-09-10,00:00:00,Atacadão,Seara,Peito de Frango 1kg Seara,1kg,São Paulo,SP,Sudeste,19.95,,0,1,https://www.atacadao.com.br/file-de-peito-de-frango-seara-congelado-37849-12021/p,copiado_dia_anterior,Carnes,99,,1,"Carnes, Processados e Preparados"
58276,2026-09-10,00:00:00,Atacadão,Sadia,Coxa de Frango 1kg Sadia,1kg,São Paulo,SP,Sudeste,15.9,,0,1,https://www.atacadao.com.br/coxas-de-frango-sadia-congelado-assa-facil-47388-26263/p,copiado_dia_anterior,Carnes,99,,1,"Carnes, Processados e Preparados"
58277,2026-09-10,00:00:00,Atacadão,Sadia,Asa de Frango 1kg Sadia,1kg,São Paulo,SP,Sudeste,17.9,,0,1,https://www.atacadao.com.br/asa-de-frango-sadia-congelada-15062-15376/p,copiado_dia_anterior,Carnes,99,,1,"Carnes, Processados e Preparados"
58278,2026-09-10,00:00:00,Pão de Açúcar,Tio João,Arroz Branco 5kg Tio João,5kg,São Paulo,SP,Sudeste,26.99,,0,1,https://www.paodeacucar.com/produto/138068/arroz-agulhinha-tipo-1-tio-joao-pacote-5kg,copiado_dia_anterior,Mercearia,99,,1,Mercearias Secas
58279,2026-09-10,00:00:00,Pão de Açúcar,Camil,Arroz Branco 5kg Camil,5kg,São Paulo,SP,Sudeste,23.99,,0,1,https://www.paodeacucar.com/produto/41329/arroz-agulhinha-tipo-1-camil-pacote-5kg,copiado_dia_anterior,Mercearia,99,,1,Mercearias Secas
58280,2026-09-10,00:00:00,Pão de Açúcar,Camil,Feijão Carioca 1kg Camil,1kg,São Paulo,SP,Sudeste,9.79,,0,1,https://www.paodeacucar.com/produto/9461/feijao-carioca-tipo-1-camil-pacote-1kg,copiado_dia_anterior,Mercearia,99,,1,Mercearias Secas
58281,2026-09-10,00:00:00,Pão de Açúcar,Kicaldo,Feijão Carioca 1kg Kicaldo,1kg,São Paulo,SP,Sudeste,10.49,,0,1,https://www.paodeacucar.com/produto/109209/feijao-carioca-tipo-1-kicaldo-pacote-1kg,copiado_dia_anterior,Mercearia,99,,1,Mercearias Secas
58282,2026-09-10,00:00:00,Pão de Açúcar,União,Açúcar Refinado 1kg União,1kg,São Paulo,SP,Sudeste,3.99,,0,1,https://www.paodeacucar.com/produto/74215/acucar-refinado-uniao-pacote-1kg,copiado_dia_anterior,Mercearia,99,,1,Mercearias Secas
58283,2026-09-10,00:00:00,Pão de Açúcar,Caravelas,Açúcar Refinado 1kg Caravelas,1kg,São Paulo,SP,Sudeste,3.49,,0,1,https://www.paodeacucar.com/produto/61474/acucar-refinado-caravelas-pacote-1kg,copiado_dia_anterior,Mercearia,99,,1,Mercearias Secas
58284,2026-09-10,00:00:00,Pão de Açúcar,Da Barra,Açúcar Refinado 1kg Da Barra,1kg,São Paulo,SP,Sudeste,3.89,,0,1,https://www.paodeacucar.com/produto/10669/acucar-refinado-da-barra-pacote-1kg,copiado_dia_anterior,Mercearia,99,,1,Mercearias Secas
58285,2026-09-10,00:00:00,Pão de Açúcar,Dona Benta,Farinha de Trigo 1kg Dona Benta,1kg,São Paulo,SP,Sudeste,6.49,,0,1,https://www.paodeacucar.com/produto/43619/farinha-de-trigo-tradicional-dona-benta-pacote-1kg,copiado_dia_anterior,Mercearia,99,,1,Mercearias Secas
58286,2026-09-10,00:00:00,Pão de Açúcar,Pilão,Café Torrado e Moído 500g Pilão,500g,São Paulo,SP,Sudeste,25.99,,0,1,https://www.paodeacucar.com/produto/152052/cafe-torrado-e-moido-tradicional-pilao-pacote-500g,copiado_dia_anterior,Mercearia,99,,1,Mercearias Secas
58287,2026-09-10,00:00:00,Pão de Açúcar,Café Brasileiro,Café Torrado e Moído 500g Café Brasileiro,500g,São Paulo,SP,Sudeste,28.99,,0,1,https://www.paodeacucar.com/produto/62071/cafe-torrado-e-moido-tradicional-cafe-brasileiro-pacote-500g,copiado_dia_anterior,Mercearia,99,,1,Mercearias Secas
58288,2026-09-10,00:00:00,Extra,Tio João,Arroz Branco 5kg Tio João,5kg,São Paulo,SP,Sudeste,29.99,,0,1,https://www.extramercado.com.br/produto/138068/arroz-agulhinha-tipo-1-tio-joao-pacote-5kg,copiado_dia_anterior,Mercearia,99,,1,Mercearias Secas
58289,2026-09-10,00:00:00,Extra,Camil,Arroz Branco 5kg Camil,5kg,São Paulo,SP,Sudeste,20.99,,0,1,https://www.extramercado.com.br/produto/41329/arroz-agulhinha-tipo-1-camil-pacote-5kg,copiado_dia_anterior,Mercearia,99,,1,Mercearias Secas
58290,2026-09-10,00:00:00,Extra,Camil,Feijão Carioca 1kg Camil,1kg,São Paulo,SP,Sudeste,9.99,,0,1,https://www.extramercado.com.br/produto/9461/feijao-carioca-tipo-1-camil-pacote-1kg,copiado_dia_anterior,Mercearia,99,,1,Mercearias Secas
58291,2026-09-10,00:00:00,Extra,Kicaldo,Feijão Carioca 1kg Kicaldo,1kg,São Paulo,SP,Sudeste,9.99,,0,1,https://www.extramercado.com.br/produto/109209/feijao-carioca-tipo-1-kicaldo-pacote-1kg,copiado_dia_anterior,Mercearia,99,,1,Mercearias Secas
58292,2026-09-10,00:00:00,Extra,União,Açúcar Refinado 1kg União,1kg,São Paulo,SP,Sudeste,3.89,,0,1,https://www.extramercado.com.br/produto/74215/acucar-refinado-uniao-pacote-1kg,copiado_dia_anterior,Mercearia,99,,1,Mercearias Secas
58293,2026-09-10,00:00:00,Extra,Caravelas,Açúcar Refinado 1kg Caravelas,1kg,São Paulo,SP,Sudeste,3.39,,0,1,https://www.extramercado.com.br/produto/61474/acucar-refinado-caravelas-pacote-1kg,copiado_dia_anterior,Mercearia,99,,1,Mercearias Secas
58294,2026-09-10,00:00:00,Extra,Pilão,Café Torrado e Moído 500g Pilão,500g,São Paulo,SP,Sudeste,24.99,,0,1,https://www.extramercado.com.br/produto/152052/cafe-torrado-e-moido-tradicional-pilao-pacote-500g,copiado_dia_anterior,Mercearia,99,,1,Mercearias Secas
58295,2026-09-10,00:00:00,Extra,Café Brasileiro,Café Torrado e Moído 500g Café Brasileiro,500g,São Paulo,SP,Sudeste,27.99,,0,1,https://www.extramercado.com.br/produto/62071/cafe-torrado-e-moido-tradicional-cafe-brasileiro-pacote-500g,copiado_dia_anterior,Mercearia,99,,1,Mercearias Secas
58296,2026-09-10,00:00:00,Atacadão,Kicaldo,Feijão Carioca 1kg Kicaldo,1kg,São Paulo,SP,Sudeste,7.89,,0,1,https://www.atacadao.com.br/feijao-carioca-kicaldo-tipo-1-pacote-com-1kg-11874-9925/p,copiado_dia_anterior,Mercearia,99,,1,Mercearias Secas
58297,2026-09-10,00:00:00,Atacadão,União,Açúcar Refinado 1kg União,1kg,São Paulo,SP,Sudeste,3.49,,0,1,https://www.atacadao.com.br/acucar-uniao-refinado-21176-2371/p,copiado_dia_anterior,Mercearia,99,,1,Mercearias Secas
58298,2026-09-10,00:00:00,Atacadão,Caravelas,Açúcar Refinado 1kg Caravelas,1kg,São Paulo,SP,Sudeste,2.99,,0,1,https://www.atacadao.com.br/acucar-caravelas-refinado-25668-1517/p,copiado_dia_anterior,Mercearia,99,,1,Mercearias Secas
58299,2026-09-10,00:00:00,Atacadão,Venturelli,Farinha de Trigo 1kg Venturelli,1kg,São Paulo,SP,Sudeste,4.09,,0,1,https://www.atacadao.com.br/farinha-de-trigo-venturelli-tipo-1-pacote-com-1kg-66335-9230/p,copiado_dia_anterior,Mercearia,99,,1,Mercearias Secas
58300,2026-09-10,00:00:00,Atacadão,Pilão,Café Torrado e Moído 500g Pilão,500g,São Paulo,SP,Sudeste,22.9,,0,1,https://www.atacadao.com.br/cafe-pilao-almofada-4959-3014/p,copiado_dia_anterior,Mercearia,99,,1,Mercearias Secas
58301,2026-09-10,00:00:00,Atacadão,3 Corações,Café Torrado e Moído 500g 3 Corações,500g,São Paulo,SP,Sudeste,22.9,,0,1,https://www.atacadao.com.br/cafe-3-coracoes-tradicional-23371-915/p,copiado_dia_anterior,Mercearia,99,,1,Mercearias Secas
58302,2026-09-10,00:00:00,Atacadão,União,Café Torrado e Moído 500g União,500g,São Paulo,SP,Sudeste,18.9,,0,1,https://www.atacadao.com.br/cafe-uniao-tradicional-76123-3853/p,copiado_dia_anterior,Mercearia,99,,1,Mercearias Secas
58303,2026-09-10,00:00:00,Pão de Açúcar,Swift,Peito de Frango 1kg Swift,1kg,São Paulo,SP,Sudeste,26.9,,0,1,https://www.paodeacucar.com/produto/445611/file-de-peito-de-frango-swift-do-campo-1kg,copiado_dia_anterior,Carnes,99,,1,"Carnes, Processados e Preparados"
58304,2026-09-10,00:00:00,Extra,Budweiser,Budweiser Lata,350ml,São Paulo,SP,Sudeste,3.55,,0,1,https://www.extramercado.com.br/produto/190773/cerveja-lager-budweiser-lata-350ml,copiado_dia_anterior,Cervejas,99,,1,Cervejas
58305,2026-09-10,00:00:00,Atacadão,Skol,Skol Lata,350ml,São Paulo,SP,Sudeste,3.99,,0,1,https://www.atacadao.com.br/cerveja-skol-pilsen-18650-13267/p,copiado_dia_anterior,Cervejas,99,,1,Cervejas
58306,2026-09-10,00:00:00,Atacadão,Budweiser,Budweiser Lata,269ml,São Paulo,SP,Sudeste,3.99,,0,1,https://www.atacadao.com.br/cerveja-budweiser-51187-11765/p,copiado_dia_anterior,Cervejas,99,,1,Cervejas
58307,2026-09-10,00:00:00,Atacadão,Original,Original Lata,350ml,São Paulo,SP,Sudeste,5.09,,0,1,https://www.atacadao.com.br/cerveja-original-lata-com-350ml-65159-12864/p,copiado_dia_anterior,Cervejas,99,,1,Cervejas
58308,2026-09-10,00:00:00,Pão de Açúcar,Mabel,Cream Cracker 300g Mabel,300g,São Paulo,SP,Sudeste,6.29,,0,1,https://www.paodeacucar.com/produto/1616942/biscoito-cream-cracker-mabel-300g,copiado_dia_anterior,Biscoitos,99,,1,Mercearias Secas
58309,2026-09-10,00:00:00,Pão de Açúcar,Marilan,Cream Cracker 140g Marilan,140g,São Paulo,SP,Sudeste,4.29,,0,1,https://www.paodeacucar.com/produto/1448576/biscoito-cream-cracker-marilan-pacote-170g,copiado_dia_anterior,Biscoitos,99,,1,Mercearias Secas
58310,2026-09-10,00:00:00,Pão de Açúcar,Mondelez,Oreo 90g Mondelez,90g,São Paulo,SP,Sudeste,5.29,,0,1,https://www.paodeacucar.com/produto/301575/biscoito-original-oreo-pacote-90g,copiado_dia_anterior,Biscoitos,99,,1,Mercearias Secas
58311,2026-09-10,00:00:00,Extra,Bauducco,Cream Cracker 165g Bauducco,165g,São Paulo,SP,Sudeste,3.69,,0,1,https://www.extramercado.com.br/produto/1660610/biscoito-cream-cracker-tradicional-bauducco-pacote-165g,copiado_dia_anterior,Biscoitos,99,,1,Mercearias Secas
58312,2026-09-10,00:00:00,Atacadão,Mabel,Água e Sal 300g Mabel,300g,São Paulo,SP,Sudeste,4.75,,0,1,https://www.atacadao.com.br/biscoito-mabel-agua-e-sal-90091-40582/p,copiado_dia_anterior,Biscoitos,99,,1,Mercearias Secas
58313,2026-09-10,00:00:00,Atacadão,Mabel,Cream Cracker 300g Mabel,300g,São Paulo,SP,Sudeste,4.75,,0,1,https://www.atacadao.com.br/biscoito-mabel-cream-cracker-90090-40581/p,copiado_dia_anterior,Biscoitos,99,,1,Mercearias Secas
58314,2026-09-10,10:55:06,Pão de Açúcar,Heineken,Heineken Lata,350ml,São Paulo,SP,Sudeste,4.79,,0,1,https://www.paodeacucar.com/produto/1606865/cerveja-heineken-lata-sleek-350ml,,Cervejas,10,,1,Cervejas
58315,2026-09-10,10:55:17,Pão de Açúcar,Heineken,Heineken Lata,269ml,São Paulo,SP,Sudeste,4.99,,0,1,https://www.paodeacucar.com/produto/1376370/cerveja-lager-puro-malte-heineken-lata-269ml,,Cervejas,10,,1,Cervejas
58316,2026-09-10,10:55:29,Pão de Açúcar,Heineken,Heineken 0.0,350ml,São Paulo,SP,Sudeste,4.79,,0,1,https://www.paodeacucar.com/produto/1606861/cerveja-heineken-zero-lata-sleek-350ml,,Cervejas,10,,1,Cervejas
58317,2026-09-10,10:55:40,Pão de Açúcar,Skol,Skol Lata,269ml,São Paulo,SP,Sudeste,2.99,,0,1,https://www.paodeacucar.com/produto/71229/cerveja-skol-pilsen-lata-269ml,,Cervejas,10,,1,Cervejas
58318,2026-09-10,10:55:51,Pão de Açúcar,Brahma,Brahma Duplo Malte,350ml,São Paulo,SP,Sudeste,4.19,,0,1,https://www.paodeacucar.com/produto/462219/cerveja-pilsner-duplo-malte-brahma-lata-350ml,,Cervejas,10,,1,Cervejas
58319,2026-09-10,10:56:03,Pão de Açúcar,Stella Artois,Stella Artois Long Neck,330ml,São Paulo,SP,Sudeste,6.99,,0,1,https://www.paodeacucar.com/produto/452630/cerveja-lager-premium-puro-malte-stella-artois-garrafa-330ml,,Cervejas,10,,1,Cervejas
58320,2026-09-10,10:56:14,Pão de Açúcar,Corona,Corona Extra Long Neck,330ml,São Paulo,SP,Sudeste,7.79,,0,1,https://www.paodeacucar.com/produto/456783/cerveja-pilsen-corona-garrafa-330ml,,Cervejas,10,,1,Cervejas
58321,2026-09-10,10:56:25,Pão de Açúcar,Corona,Corona Extra Lata,350ml,São Paulo,SP,Sudeste,6.29,,0,1,https://www.paodeacucar.com/produto/1461878/cerveja-corona-extra-lata-350ml,,Cervejas,10,,1,Cervejas
58322,2026-09-10,10:56:37,Pão de Açúcar,Budweiser,Budweiser Lata,269ml,São Paulo,SP,Sudeste,3.59,,0,1,https://www.paodeacucar.com/produto/323696/cerveja-pilsen-budweiser-lata-269ml,,Cervejas,10,,1,Cervejas
58323,2026-09-10,10:56:49,Pão de Açúcar,Amstel,Amstel Lata,350ml,São Paulo,SP,Sudeste,4.19,,0,1,https://www.paodeacucar.com/produto/1606864/cerveja-lager-puro-malte-amstel-lata-350ml,,Cervejas,10,,1,Cervejas
58324,2026-09-10,10:57:00,Pão de Açúcar,Amstel,Amstel Lata,269ml,São Paulo,SP,Sudeste,2.79,,0,1,https://www.paodeacucar.com/produto/339944/cerveja-lager-puro-malte-amstel-lata-269ml,,Cervejas,10,,1,Cervejas
58325,2026-09-10,10:57:12,Pão de Açúcar,Spaten,Spaten Puro Malte Lata,350ml,São Paulo,SP,Sudeste,4.89,,0,1,https://www.paodeacucar.com/produto/583963/cerveja-munich-helles-puro-malte-spaten-lata-350ml,,Cervejas,10,,1,Cervejas
58326,2026-09-10,10:57:22,Pão de Açúcar,Spaten,Spaten Puro Malte Lata,269ml,São Paulo,SP,Sudeste,3.79,,0,1,https://www.paodeacucar.com/produto/1461013/cerveja-munich-helles-puro-malte-spaten-lata-269ml,,Cervejas,10,,1,Cervejas
58327,2026-09-10,10:57:33,Pão de Açúcar,Original,Original Lata,269ml,São Paulo,SP,Sudeste,3.89,,0,1,https://www.paodeacucar.com/produto/479389/cerveja-pilsen-antarctica-original-lata-269ml,,Cervejas,10,,1,Cervejas
58328,2026-09-10,10:57:44,Pão de Açúcar,Itaipava,Itaipava Lata,350ml,São Paulo,SP,Sudeste,3.29,,0,1,https://www.paodeacucar.com/produto/112967/cerveja-pilsen-itaipava-lata-350ml,,Cervejas,10,,1,Cervejas
58329,2026-09-10,10:57:56,Extra,Antarctica,Antarctica Lata,350ml,São Paulo,SP,Sudeste,,,0,0,https://www.extramercado.com.br/produto/589/cerveja-pilsen-antarctica-lata-350ml,produto_indisponivel,Cervejas,,,2,Cervejas
58330,2026-09-10,10:58:20,Extra,Heineken,Heineken Lata,350ml,São Paulo,SP,Sudeste,4.79,,0,1,https://www.extramercado.com.br/produto/1641976/cerveja-heineken-lata-sleek-350ml,,Cervejas,10,,1,Cervejas
58331,2026-09-10,10:58:31,Extra,Heineken,Heineken Lata,269ml,São Paulo,SP,Sudeste,4.99,,0,1,https://www.extramercado.com.br/produto/1440048/cerveja-lager-puro-malte-heineken-lata-269ml,,Cervejas,10,,1,Cervejas
58332,2026-09-10,10:58:43,Extra,Heineken,Heineken 0.0,350ml,São Paulo,SP,Sudeste,4.79,,0,1,https://www.extramercado.com.br/produto/1641970/cerveja-heineken-zero-lata-sleek-350ml,,Cervejas,10,,1,Cervejas
58333,2026-09-10,10:58:54,Extra,Skol,Skol Lata,350ml,São Paulo,SP,Sudeste,3.89,,0,1,https://www.extramercado.com.br/produto/91224/cerveja-pilsen-skol-lata-350ml,,Cervejas,10,,1,Cervejas
58334,2026-09-10,10:59:05,Extra,Skol,Skol Lata,269ml,São Paulo,SP,Sudeste,,,0,0,https://www.extramercado.com.br/produto/71229/cerveja-skol-pilsen-lata-269ml,produto_indisponivel,Cervejas,,,2,Cervejas
58335,2026-09-10,10:59:28,Extra,Brahma,Brahma Duplo Malte,350ml,São Paulo,SP,Sudeste,4.19,,0,1,https://www.extramercado.com.br/produto/485275/cerveja-pilsner-duplo-malte-brahma-lata-350ml,,Cervejas,10,,1,Cervejas
58336,2026-09-10,10:59:41,Extra,Brahma,Brahma Duplo Malte,269ml,São Paulo,SP,Sudeste,3.49,,0,1,https://www.extramercado.com.br/produto/869637/cerveja-pilsner-duplo-malte-brahma-lata-269ml,,Cervejas,10,,1,Cervejas
58337,2026-09-10,10:59:52,Extra,Corona,Corona Extra Long Neck,330ml,São Paulo,SP,Sudeste,7.79,,0,1,https://www.extramercado.com.br/produto/452503/cerveja-pilsen-corona-garrafa-330ml,,Cervejas,10,,1,Cervejas
58338,2026-09-10,11:00:04,Extra,Corona,Corona Extra Lata,350ml,São Paulo,SP,Sudeste,6.29,,0,1,https://www.extramercado.com.br/produto/1500760/cerveja-corona-extra-lata-350ml,,Cervejas,10,,1,Cervejas
58339,2026-09-10,11:00:14,Extra,Budweiser,Budweiser Lata,350ml,São Paulo,SP,Sudeste,4.39,,0,1,https://www.extramercado.com.br/produto/190773/cerveja-lager-budweiser-lata-350ml,,Cervejas,10,,1,Cervejas
58340,2026-09-10,11:00:26,Extra,Budweiser,Budweiser Lata,269ml,São Paulo,SP,Sudeste,3.59,,0,1,https://www.extramercado.com.br/produto/347007/cerveja-pilsen-budweiser-lata-269ml,,Cervejas,10,,1,Cervejas
58341,2026-09-10,11:00:38,Extra,Amstel,Amstel Lata,350ml,São Paulo,SP,Sudeste,4.49,,0,1,https://www.extramercado.com.br/produto/1641973/cerveja-lager-puro-malte-amstel-lata-350ml,,Cervejas,10,,1,Cervejas
58342,2026-09-10,11:00:49,Extra,Amstel,Amstel Lata,269ml,São Paulo,SP,Sudeste,2.79,,0,1,https://www.extramercado.com.br/produto/369620/cerveja-lager-puro-malte-amstel-lata-269ml,,Cervejas,10,,1,Cervejas
58343,2026-09-10,11:01:01,Extra,Spaten,Spaten Puro Malte Lata,350ml,São Paulo,SP,Sudeste,4.89,,0,1,https://www.extramercado.com.br/produto/628110/cerveja-munich-helles-puro-malte-spaten-lata-350ml,,Cervejas,10,,1,Cervejas
58344,2026-09-10,11:01:12,Extra,Spaten,Spaten Puro Malte Lata,269ml,São Paulo,SP,Sudeste,3.79,,0,1,https://www.extramercado.com.br/produto/1500377/cerveja-munich-helles-puro-malte-spaten-lata-269ml,,Cervejas,10,,1,Cervejas
58345,2026-09-10,11:01:23,Extra,Original,Original Lata,350ml,São Paulo,SP,Sudeste,,,0,0,https://www.extramercado.com.br/produto/434881/cerveja-pilsen-antarctica-original-lata-350ml,produto_indisponivel,Cervejas,,,2,Cervejas
58346,2026-09-10,11:01:47,Extra,Original,Original Lata,269ml,São Paulo,SP,Sudeste,3.89,,0,1,https://www.extramercado.com.br/produto/519820/cerveja-pilsen-antarctica-original-lata-269ml,,Cervejas,10,,1,Cervejas
58347,2026-09-10,11:01:58,Extra,Itaipava,Itaipava Lata,350ml,São Paulo,SP,Sudeste,3.29,,0,1,https://www.extramercado.com.br/produto/112967/cerveja-pilsen-itaipava-lata-350ml,,Cervejas,10,,1,Cervejas
58348,2026-09-10,11:02:09,Atacadão,Antarctica,Antarctica Lata,350ml,São Paulo,SP,Sudeste,,,0,0,https://www.atacadao.com.br/cerveja-antarctica-9218-11292/p,produto_indisponivel,Cervejas,,,2,Cervejas
58349,2026-09-10,11:02:31,Atacadão,Heineken,Heineken Lata,350ml,São Paulo,SP,Sudeste,4.79,,0,1,https://www.atacadao.com.br/cerveja-heineken-sleek-86733-12486/p,,Cervejas,10,,1,Cervejas
58350,2026-09-10,11:02:42,Atacadão,Heineken,Heineken Lata,269ml,São Paulo,SP,Sudeste,3.79,,0,1,https://www.atacadao.com.br/cerveja-heineken-lata-com-269ml-76983-12460/p,,Cervejas,10,,1,Cervejas
58351,2026-09-10,11:02:51,Atacadão,Heineken,Heineken 0.0,350ml,São Paulo,SP,Sudeste,4.79,,0,1,https://www.atacadao.com.br/cerveja-heineken-zero-sleek-86709-12501/p,,Cervejas,10,,1,Cervejas
58352,2026-09-10,11:03:01,Atacadão,Skol,Skol Lata,350ml,São Paulo,SP,Sudeste,3.29,,0,1,https://www.atacadao.com.br/cerveja-skol-pilsen-18650-13267/p,,Cervejas,10,,1,Cervejas
58353,2026-09-10,11:03:13,Atacadão,Skol,Skol Lata,269ml,São Paulo,SP,Sudeste,,,0,0,https://www.atacadao.com.br/cerveja-skol-redondinha-6183-13325/p,pagina_invalida_url_desatualizada,Cervejas,,,2,Cervejas
58354,2026-09-10,11:03:32,Atacadão,Brahma,Brahma Duplo Malte,350ml,São Paulo,SP,Sudeste,,,0,0,https://www.atacadao.com.br/cerveja-brahma-duplo-malte-lata-com-350ml-67653-11651/p,pagina_invalida_url_desatualizada,Cervejas,,,2,Cervejas
58355,2026-09-10,11:03:52,Atacadão,Brahma,Brahma Duplo Malte,269ml,São Paulo,SP,Sudeste,,,0,0,https://www.atacadao.com.br/cerveja-brahma-duplo-malte-lata-com-269ml-74794-11647/p,pagina_invalida_url_desatualizada,Cervejas,,,2,Cervejas
58356,2026-09-10,11:04:14,Atacadão,Stella Artois,Stella Artois Long Neck,330ml,São Paulo,SP,Sudeste,,,0,0,https://www.atacadao.com.br/cerveja-stella-artois-68018-13362/p,produto_indisponivel,Cervejas,,,2,Cervejas
58357,2026-09-10,11:04:38,Atacadão,Corona,Corona Extra Long Neck,330ml,São Paulo,SP,Sudeste,,,0,0,https://www.atacadao.com.br/cerveja-corona-long-neck-com-330ml-66884-12000/p,pagina_invalida_url_desatualizada,Cervejas,,,2,Cervejas
58358,2026-09-10,11:04:58,Atacadão,Budweiser,Budweiser Lata,350ml,São Paulo,SP,Sudeste,,,0,0,https://www.atacadao.com.br/cerveja-budweiser-sleek-lata-com-350ml-80258-11811/p,produto_indisponivel,Cervejas,,,2,Cervejas
58359,2026-09-10,11:05:21,Atacadão,Budweiser,Budweiser Lata,269ml,São Paulo,SP,Sudeste,3.99,,0,1,https://www.atacadao.com.br/cerveja-budweiser-51187-11765/p,,Cervejas,10,,1,Cervejas
58360,2026-09-10,11:05:33,Atacadão,Amstel,Amstel Lata,350ml,São Paulo,SP,Sudeste,,,0,0,https://www.atacadao.com.br/cerveja-amstel-sleek-86708-11276/p,produto_indisponivel,Cervejas,,,2,Cervejas
58361,2026-09-10,11:05:55,Atacadão,Amstel,Amstel Lata,269ml,São Paulo,SP,Sudeste,2.59,,0,1,https://www.atacadao.com.br/cerveja-amstel-54353-11244/p,,Cervejas,10,,1,Cervejas
58362,2026-09-10,11:06:05,Atacadão,Spaten,Spaten Puro Malte Lata,350ml,São Paulo,SP,Sudeste,4.99,,0,1,https://www.atacadao.com.br/cerveja-spaten-puro-malte-lata-com-350ml-74632-13351/p,,Cervejas,10,,1,Cervejas
58363,2026-09-10,11:06:15,Atacadão,Spaten,Spaten Puro Malte Lata,269ml,São Paulo,SP,Sudeste,2.69,,0,1,https://www.atacadao.com.br/cerveja-puro-malte-spaten-lata-com-269ml-83458-13164/p,,Cervejas,10,,1,Cervejas
58364,2026-09-10,11:06:25,Atacadão,Original,Original Lata,350ml,São Paulo,SP,Sudeste,4.19,,0,1,https://www.atacadao.com.br/cerveja-original-lata-com-350ml-65159-12864/p,,Cervejas,10,,1,Cervejas
58365,2026-09-10,11:06:37,Atacadão,Original,Original Lata,269ml,São Paulo,SP,Sudeste,2.69,,0,1,https://www.atacadao.com.br/cerveja-original-lata-com-269ml-71793-12854/p,,Cervejas,10,,1,Cervejas
58366,2026-09-10,11:06:50,Atacadão,Itaipava,Itaipava Lata,350ml,São Paulo,SP,Sudeste,2.65,,0,1,https://www.atacadao.com.br/cerveja-itaipava-9850-12669/p,,Cervejas,10,,1,Cervejas
58367,2026-09-10,00:00:00,Extra,Antarctica,Antarctica Lata,350ml,São Paulo,SP,Sudeste,3.39,,0,1,https://www.extramercado.com.br/produto/589/cerveja-pilsen-antarctica-lata-350ml,copiado_dia_anterior,Cervejas,99,,1,Cervejas
58368,2026-09-10,00:00:00,Extra,Skol,Skol Lata,269ml,São Paulo,SP,Sudeste,2.99,,0,1,https://www.extramercado.com.br/produto/71229/cerveja-skol-pilsen-lata-269ml,copiado_dia_anterior,Cervejas,99,,1,
58369,2026-09-10,00:00:00,Atacadão,Antarctica,Antarctica Lata,350ml,São Paulo,SP,Sudeste,3.29,,0,1,https://www.atacadao.com.br/cerveja-antarctica-9218-11292/p,copiado_dia_anterior,Cervejas,99,,1,Cervejas
58370,2026-09-10,00:00:00,Atacadão,Stella Artois,Stella Artois Long Neck,330ml,São Paulo,SP,Sudeste,6.69,,0,1,https://www.atacadao.com.br/cerveja-stella-artois-68018-13362/p,copiado_dia_anterior,Cervejas,99,,1,
58371,2026-09-10,00:00:00,Atacadão,Budweiser,Budweiser Lata,350ml,São Paulo,SP,Sudeste,3.29,,0,1,https://www.atacadao.com.br/cerveja-budweiser-sleek-lata-com-350ml-80258-11811/p,copiado_dia_anterior,Cervejas,99,,1,
58372,2026-09-10,00:00:00,Atacadão,Amstel,Amstel Lata,350ml,São Paulo,SP,Sudeste,3.09,,0,1,https://www.atacadao.com.br/cerveja-amstel-sleek-86708-11276/p,copiado_dia_anterior,Cervejas,99,,1,
58373,2026-09-10,12:07:55,Pão de Açúcar,Sadia,Salsicha Hot Dog 500g Sadia,500g,São Paulo,SP,Sudeste,12.99,,0,1,https://www.paodeacucar.com/produto/114859/salsicha-hot-dog-sadia-500g-10-unidades,,Carnes,10,,1,"Carnes, Processados e Preparados"
58374,2026-09-10,12:08:07,Pão de Açúcar,Perdigão,Salsicha Hot Dog 500g Perdigão,500g,São Paulo,SP,Sudeste,13.5,,0,1,https://www.paodeacucar.com/produto/113887/salsicha-hot-dog-perdigao-500g-12-unidades,,Carnes,10,,1,"Carnes, Processados e Preparados"
58375,2026-09-10,12:08:18,Pão de Açúcar,Seara,Salsicha Hot Dog 500g Seara,500g,São Paulo,SP,Sudeste,14.9,,0,1,https://www.paodeacucar.com/produto/21730/salsicha-hot-dog-seara-500g,,Carnes,10,,1,"Carnes, Processados e Preparados"
58376,2026-09-10,12:08:30,Pão de Açúcar,Perdigão,Linguiça Toscana 700g Perdigão,700g,São Paulo,SP,Sudeste,29.5,,0,1,https://www.paodeacucar.com/produto/1638980/linguica-toscana-perdigao-na-brasa-700g,,Carnes,10,,1,"Carnes, Processados e Preparados"
58377,2026-09-10,12:08:42,Pão de Açúcar,Swift,Linguiça Toscana 700g Swift,700g,São Paulo,SP,Sudeste,18.9,,0,1,https://www.paodeacucar.com/produto/434959/linguica-toscana-swift-700g,,Carnes,10,,1,"Carnes, Processados e Preparados"
58378,2026-09-10,12:08:52,Pão de Açúcar,Sadia,Nuggets de Frango 300g Sadia,300g,São Paulo,SP,Sudeste,9.03,,0,1,https://www.paodeacucar.com/produto/142969/empanado-de-frango-peito-crocante-sadia-nuggets-pacote-300g,,Carnes,10,,1,"Carnes, Processados e Preparados"
58379,2026-09-10,12:09:03,Pão de Açúcar,Sadia,Lasanha Bolonhesa 600g Sadia,600g,São Paulo,SP,Sudeste,21.9,,0,1,https://www.paodeacucar.com/produto/344410/lasanha-bolonhesa-sadia-pacote-600g,,Carnes,10,,1,"Carnes, Processados e Preparados"
58380,2026-09-10,12:09:15,Pão de Açúcar,Perdigão,Lasanha Bolonhesa 600g Perdigão,600g,São Paulo,SP,Sudeste,15.92,,0,1,https://www.paodeacucar.com/produto/391814/lasanha-bolonhesa-perdigao-nosso-menu-pacote-600g,,Carnes,10,,1,"Carnes, Processados e Preparados"
58381,2026-09-10,12:09:27,Pão de Açúcar,Seara,Lasanha Bolonhesa 600g Seara,600g,São Paulo,SP,Sudeste,19.9,,0,1,https://www.paodeacucar.com/produto/113511/lasanha-bolonhesa-seara-600g,,Carnes,10,,1,"Carnes, Processados e Preparados"
58382,2026-09-10,12:09:39,Pão de Açúcar,Sadia,Peito de Frango 1kg Sadia,1kg,São Paulo,SP,Sudeste,19.9,,0,1,https://www.paodeacucar.com/produto/65885/file-de-peito-de-frango-congelado-sem-pele-sem-osso-sadia-1kg,,Carnes,10,,1,"Carnes, Processados e Preparados"
58383,2026-09-10,12:09:49,Pão de Açúcar,Swift,Peito de Frango 1kg Swift,1kg,São Paulo,SP,Sudeste,,,0,0,https://www.paodeacucar.com/produto/445611/file-de-peito-de-frango-swift-do-campo-1kg,produto_indisponivel,Carnes,,,2,"Carnes, Processados e Preparados"
58384,2026-09-10,12:10:10,Pão de Açúcar,Seara,Peito de Frango 1kg Seara,1kg,São Paulo,SP,Sudeste,,,0,0,https://www.paodeacucar.com/produto/217037/coxa-de-frango-congelada-seara-1kg,produto_indisponivel,Carnes,,,2,"Carnes, Processados e Preparados"
58385,2026-09-10,12:10:32,Pão de Açúcar,Swift,Coxa de Frango 1kg Swift,1kg,São Paulo,SP,Sudeste,13.9,,0,1,https://www.paodeacucar.com/produto/445594/coxa-de-frango-swift-1kg,,Carnes,10,,1,"Carnes, Processados e Preparados"
58386,2026-09-10,12:10:43,Pão de Açúcar,Swift,Asa de Frango 1kg Swift,1kg,São Paulo,SP,Sudeste,15.9,,0,1,https://www.paodeacucar.com/produto/452777/asa-de-frango-swift-bandeja-1kg,,Carnes,10,,1,"Carnes, Processados e Preparados"
58387,2026-09-10,12:10:55,Pão de Açúcar,Bassi,Fraldinha 1kg Bassi,1kg,São Paulo,SP,Sudeste,98.89,,0,1,"https://www.paodeacucar.com/produto/114843/fraldinha-extra-limpa-bovina-bassi-1,2kg",,Carnes,10,,1,"Carnes, Processados e Preparados"
58388,2026-09-10,12:11:06,Pão de Açúcar,Bassi,Picanha 1kg Bassi,1kg,São Paulo,SP,Sudeste,207.87,,0,1,"https://www.paodeacucar.com/produto/115631/picanha-bovina-extra-limpa-pedaco-bassi-a vacuo-1,4kg",,Carnes,10,,1,"Carnes, Processados e Preparados"
58389,2026-09-10,12:11:17,Pão de Açúcar,Friboi,Picanha 1kg Friboi,1kg,São Paulo,SP,Sudeste,127.35,,0,1,"https://www.paodeacucar.com/produto/164337/picanha-resfriada-maturatta-friboi-1,7kg",,Carnes,10,,1,"Carnes, Processados e Preparados"
58390,2026-09-10,12:11:28,Pão de Açúcar,Estância 92,Picanha 1kg Estância 92,1kg,São Paulo,SP,Sudeste,,,0,0,"https://www.paodeacucar.com/produto/1574780/picanha-estancia-92-resfriado-1,3kg",produto_indisponivel,Carnes,,,2,"Carnes, Processados e Preparados"
58391,2026-09-10,12:11:49,Pão de Açúcar,Swift,Carne Moida 1kg Swift,1kg,São Paulo,SP,Sudeste,43.9,,0,1,https://www.paodeacucar.com/produto/1616628/carne-moida-swift-1kg,,Carnes,10,,1,"Carnes, Processados e Preparados"
58392,2026-09-10,12:12:00,Extra,Sadia,Salsicha Hot Dog 500g Sadia,500g,São Paulo,SP,Sudeste,13.5,,0,1,https://www.extramercado.com.br/produto/114859/salsicha-hot-dog-sadia-500g-10-unidades,,Carnes,10,,1,"Carnes, Processados e Preparados"
58393,2026-09-10,12:12:12,Extra,Perdigão,Salsicha Hot Dog 500g Perdigão,500g,São Paulo,SP,Sudeste,11.99,,0,1,https://www.extramercado.com.br/produto/113887/salsicha-hot-dog-perdigao-500g-12-unidades,,Carnes,10,,1,"Carnes, Processados e Preparados"
58394,2026-09-10,12:12:24,Extra,Seara,Salsicha Hot Dog 500g Seara,500g,São Paulo,SP,Sudeste,14.5,,0,1,https://www.extramercado.com.br/produto/21730/salsicha-hot-dog-seara-500g,,Carnes,10,,1,"Carnes, Processados e Preparados"
58395,2026-09-10,12:12:34,Extra,Sadia,Linguiça Toscana 700g Sadia,700g,São Paulo,SP,Sudeste,24.9,,0,1,https://www.extramercado.com.br/produto/1649350/linguica-toscana-sadia-700g,,Carnes,10,,1,"Carnes, Processados e Preparados"
58396,2026-09-10,12:12:45,Extra,Perdigão,Linguiça Toscana 700g Perdigão,700g,São Paulo,SP,Sudeste,30.5,,0,1,https://www.extramercado.com.br/produto/1667071/linguica-toscana-perdigao-na-brasa-700g,,Carnes,10,,1,"Carnes, Processados e Preparados"
58397,2026-09-10,12:12:57,Extra,Swift,Linguiça Toscana 700g Swift,700g,São Paulo,SP,Sudeste,18.9,,0,1,https://www.extramercado.com.br/produto/422282/linguica-toscana-swift-700g,,Carnes,10,,1,"Carnes, Processados e Preparados"
58398,2026-09-10,12:13:09,Extra,Sadia,Nuggets de Frango 300g Sadia,300g,São Paulo,SP,Sudeste,9.03,,0,1,https://www.extramercado.com.br/produto/142969/empanado-de-frango-peito-crocante-sadia-nuggets-pacote-300g,,Carnes,10,,1,"Carnes, Processados e Preparados"
58399,2026-09-10,12:13:20,Extra,Sadia,Lasanha Bolonhesa 600g Sadia,600g,São Paulo,SP,Sudeste,18.9,,0,1,https://www.extramercado.com.br/produto/374206/lasanha-bolonhesa-sadia-pacote-600g,,Carnes,10,,1,"Carnes, Processados e Preparados"
58400,2026-09-10,12:13:31,Extra,Perdigão,Lasanha Bolonhesa 600g Perdigão,600g,São Paulo,SP,Sudeste,15.92,,0,1,https://www.extramercado.com.br/produto/392502/lasanha-bolonhesa-perdigao-nosso-menu-pacote-600g,,Carnes,10,,1,"Carnes, Processados e Preparados"
58401,2026-09-10,12:13:42,Extra,Seara,Lasanha Bolonhesa 600g Seara,600g,São Paulo,SP,Sudeste,14.99,,0,1,https://www.extramercado.com.br/produto/113511/lasanha-bolonhesa-seara-600g,,Carnes,10,,1,"Carnes, Processados e Preparados"
58402,2026-09-10,12:13:53,Extra,Sadia,Peito de Frango 1kg Sadia,1kg,São Paulo,SP,Sudeste,17.9,,0,1,https://www.extramercado.com.br/produto/65885/file-de-peito-de-frango-congelado-sem-pele-sem-osso-sadia-1kg,,Carnes,10,,1,"Carnes, Processados e Preparados"
58403,2026-09-10,12:14:04,Extra,Swift,Peito de Frango 1kg Swift,1kg,São Paulo,SP,Sudeste,26.9,,0,1,https://www.extramercado.com.br/produto/422487/file-de-peito-de-frango-swift-do-campo-1kg,,Carnes,10,,1,"Carnes, Processados e Preparados"
58404,2026-09-10,12:14:15,Extra,Sadia,Coxa de Frango 1kg Sadia,1kg,São Paulo,SP,Sudeste,,,0,0,https://www.extramercado.com.br/produto/66810/coxa-de-frango-congelada-sadia-1kg,produto_indisponivel,Carnes,,,2,"Carnes, Processados e Preparados"
58405,2026-09-10,12:14:38,Extra,Swift,Coxa de Frango 1kg Swift,1kg,São Paulo,SP,Sudeste,13.9,,0,1,https://www.extramercado.com.br/produto/422468/coxa-de-frango-swift-1kg,,Carnes,10,,1,"Carnes, Processados e Preparados"
58406,2026-09-10,12:14:48,Extra,Seara,Coxa de Frango 1kg Seara,1kg,São Paulo,SP,Sudeste,16.5,,0,1,https://www.extramercado.com.br/produto/217037/coxa-de-frango-congelada-seara-1kg,,Carnes,10,,1,"Carnes, Processados e Preparados"
58407,2026-09-10,12:15:00,Extra,Swift,Asa de Frango 1kg Swift,1kg,São Paulo,SP,Sudeste,15.9,,0,1,https://www.extramercado.com.br/produto/463439/asa-de-frango-swift-bandeja-1kg,,Carnes,10,,1,"Carnes, Processados e Preparados"
58408,2026-09-10,12:15:12,Extra,Bassi,Fraldinha 1kg Bassi,1kg,São Paulo,SP,Sudeste,109.99,,0,1,"https://www.extramercado.com.br/produto/114843/fraldinha-extra-limpa-bovina-bassi-1,2kg",,Carnes,10,,1,"Carnes, Processados e Preparados"
58409,2026-09-10,12:15:24,Extra,Bassi,Picanha 1kg Bassi,1kg,São Paulo,SP,Sudeste,207.87,,0,1,"https://www.extramercado.com.br/produto/115631/picanha-bovina-extra-limpa-pedaco-bassi-a%C2%A0vacuo-1,4kg",,Carnes,10,,1,"Carnes, Processados e Preparados"
58410,2026-09-10,12:15:36,Extra,Estância 92,Picanha 1kg Estância 92,1kg,São Paulo,SP,Sudeste,,,0,0,"https://www.extramercado.com.br/produto/1613858/picanha-estancia-92-resfriado-1,3kg",produto_indisponivel,Carnes,,,2,"Carnes, Processados e Preparados"
58411,2026-09-10,12:15:58,Extra,Swift,Carne Moida 1kg Swift,1kg,São Paulo,SP,Sudeste,43.9,,0,1,https://www.extramercado.com.br/produto/1651983/carne-moida-swift-1kg,,Carnes,10,,1,"Carnes, Processados e Preparados"
58412,2026-09-10,12:16:08,Atacadão,Sadia,Salsicha Hot Dog 500g Sadia,500g,São Paulo,SP,Sudeste,13.5,,0,1,https://www.atacadao.com.br/salsicha-hot-dog-sadia-resfriada-49270-17530/p,,Carnes,10,,1,"Carnes, Processados e Preparados"
58413,2026-09-10,12:16:19,Atacadão,Perdigão,Salsicha Hot Dog 500g Perdigão,500g,São Paulo,SP,Sudeste,6.47,,0,1,https://www.atacadao.com.br/salsicha-hot-dog-perdigao-resfriada-5970-17504/p,,Carnes,10,,1,"Carnes, Processados e Preparados"
58414,2026-09-10,12:16:28,Atacadão,Seara,Salsicha Hot Dog 500g Seara,500g,São Paulo,SP,Sudeste,5.57,,0,1,https://www.atacadao.com.br/salsicha-hot-dog-seara-resfriada-62542-17547/p,,Carnes,10,,1,"Carnes, Processados e Preparados"
58415,2026-09-10,12:16:40,Atacadão,Sadia,Linguiça Toscana 700g Sadia,700g,São Paulo,SP,Sudeste,12.97,,0,1,https://www.atacadao.com.br/linguica-toscana-sadia-congelada-86374-36784/p,,Carnes,10,,1,"Carnes, Processados e Preparados"
58416,2026-09-10,12:16:52,Atacadão,Perdigão,Linguiça Toscana 700g Perdigão,700g,São Paulo,SP,Sudeste,11.47,,0,1,https://www.atacadao.com.br/linguica-toscana-perdigao-nabrasa-9975-59299/p,,Carnes,10,,1,"Carnes, Processados e Preparados"
58417,2026-09-10,12:17:05,Atacadão,Sadia,Nuggets de Frango 300g Sadia,300g,São Paulo,SP,Sudeste,9.98,,0,1,https://www.atacadao.com.br/nuggets-de-frango-sadia-crocante-19582-15758/p,,Carnes,10,,1,"Carnes, Processados e Preparados"
58418,2026-09-10,12:17:17,Atacadão,Sadia,Lasanha Bolonhesa 600g Sadia,600g,São Paulo,SP,Sudeste,16.47,,0,1,https://www.atacadao.com.br/lasanha-sadia-congelada-bolonhesa-54196-29612/p,,Carnes,10,,1,"Carnes, Processados e Preparados"
58419,2026-09-10,12:17:27,Atacadão,Perdigão,Lasanha Bolonhesa 600g Perdigão,600g,São Paulo,SP,Sudeste,16.9,,0,1,https://www.atacadao.com.br/lasanha-perdigao-congelada-bolonhesa-58251-29563/p,,Carnes,10,,1,"Carnes, Processados e Preparados"
58420,2026-09-10,12:17:37,Atacadão,Seara,Lasanha Bolonhesa 600g Seara,600g,São Paulo,SP,Sudeste,14.9,,0,1,https://www.atacadao.com.br/lasanha-seara-congelada-bolonhesa-32549-29633/p,,Carnes,10,,1,"Carnes, Processados e Preparados"
58421,2026-09-10,12:17:47,Atacadão,Sadia,Peito de Frango 1kg Sadia,1kg,São Paulo,SP,Sudeste,,,0,0,https://www.atacadao.com.br/file-de-peito-de-frango-sadia-congelado-bifes-3499-56449/p,produto_indisponivel,Carnes,,,2,"Carnes, Processados e Preparados"
58422,2026-09-10,12:18:09,Atacadão,Seara,Peito de Frango 1kg Seara,1kg,São Paulo,SP,Sudeste,19.95,,0,1,https://www.atacadao.com.br/file-de-peito-de-frango-seara-congelado-37849-12021/p,,Carnes,10,,1,"Carnes, Processados e Preparados"
58423,2026-09-10,12:18:18,Atacadão,Sadia,Coxa de Frango 1kg Sadia,1kg,São Paulo,SP,Sudeste,15.9,,0,1,https://www.atacadao.com.br/coxas-de-frango-sadia-congelado-assa-facil-47388-26263/p,,Carnes,10,,1,"Carnes, Processados e Preparados"
58424,2026-09-10,12:18:29,Atacadão,Sadia,Asa de Frango 1kg Sadia,1kg,São Paulo,SP,Sudeste,17.9,,0,1,https://www.atacadao.com.br/asa-de-frango-sadia-congelada-15062-15376/p,,Carnes,10,,1,"Carnes, Processados e Preparados"
58425,2026-09-10,00:00:00,Pão de Açúcar,Estância 92,Picanha 1kg Estância 92,1kg,São Paulo,SP,Sudeste,207.87,,0,1,"https://www.paodeacucar.com/produto/1574780/picanha-estancia-92-resfriado-1,3kg",copiado_dia_anterior,Carnes,99,,1,"Carnes, Processados e Preparados"
58426,2026-09-10,00:00:00,Extra,Estância 92,Picanha 1kg Estância 92,1kg,São Paulo,SP,Sudeste,267.67,,0,1,"https://www.extramercado.com.br/produto/1613858/picanha-estancia-92-resfriado-1,3kg",copiado_dia_anterior,Carnes,99,,1,"Carnes, Processados e Preparados"
58427,2026-09-10,00:00:00,Atacadão,Sadia,Peito de Frango 1kg Sadia,1kg,São Paulo,SP,Sudeste,19.97,,0,1,https://www.atacadao.com.br/file-de-peito-de-frango-sadia-congelado-bifes-3499-56449/p,copiado_dia_anterior,Carnes,99,,1,"Carnes, Processados e Preparados"
58428,2026-09-10,13:29:07,Pão de Açúcar,Tio João,Arroz Branco 5kg Tio João,5kg,São Paulo,SP,Sudeste,,,0,0,https://www.paodeacucar.com/produto/138068/arroz-agulhinha-tipo-1-tio-joao-pacote-5kg,produto_indisponivel,Mercearia,,,2,Mercearias Secas
58429,2026-09-10,13:29:31,Pão de Açúcar,Camil,Arroz Branco 5kg Camil,5kg,São Paulo,SP,Sudeste,23.99,,0,1,https://www.paodeacucar.com/produto/41329/arroz-agulhinha-tipo-1-camil-pacote-5kg,,Mercearia,10,,1,Mercearias Secas
58430,2026-09-10,13:29:42,Pão de Açúcar,Camil,Feijão Carioca 1kg Camil,1kg,São Paulo,SP,Sudeste,9.79,,0,1,https://www.paodeacucar.com/produto/9461/feijao-carioca-tipo-1-camil-pacote-1kg,,Mercearia,10,,1,Mercearias Secas
58431,2026-09-10,13:29:54,Pão de Açúcar,Kicaldo,Feijão Carioca 1kg Kicaldo,1kg,São Paulo,SP,Sudeste,10.49,,0,1,https://www.paodeacucar.com/produto/109209/feijao-carioca-tipo-1-kicaldo-pacote-1kg,,Mercearia,10,,1,Mercearias Secas
58432,2026-09-10,13:30:05,Pão de Açúcar,União,Açúcar Refinado 1kg União,1kg,São Paulo,SP,Sudeste,3.99,,0,1,https://www.paodeacucar.com/produto/74215/acucar-refinado-uniao-pacote-1kg,,Mercearia,10,,1,Mercearias Secas
58433,2026-09-10,13:30:17,Pão de Açúcar,Caravelas,Açúcar Refinado 1kg Caravelas,1kg,São Paulo,SP,Sudeste,3.49,,0,1,https://www.paodeacucar.com/produto/61474/acucar-refinado-caravelas-pacote-1kg,,Mercearia,10,,1,Mercearias Secas
58434,2026-09-10,13:30:28,Pão de Açúcar,Da Barra,Açúcar Refinado 1kg Da Barra,1kg,São Paulo,SP,Sudeste,3.89,,0,1,https://www.paodeacucar.com/produto/10669/acucar-refinado-da-barra-pacote-1kg,,Mercearia,10,,1,Mercearias Secas
58435,2026-09-10,13:30:40,Pão de Açúcar,Dona Benta,Farinha de Trigo 1kg Dona Benta,1kg,São Paulo,SP,Sudeste,6.49,,0,1,https://www.paodeacucar.com/produto/43619/farinha-de-trigo-tradicional-dona-benta-pacote-1kg,,Mercearia,10,,1,Mercearias Secas
58436,2026-09-10,13:30:51,Pão de Açúcar,Pilão,Café Torrado e Moído 500g Pilão,500g,São Paulo,SP,Sudeste,25.99,,0,1,https://www.paodeacucar.com/produto/152052/cafe-torrado-e-moido-tradicional-pilao-pacote-500g,,Mercearia,10,,1,Mercearias Secas
58437,2026-09-10,13:31:02,Pão de Açúcar,Café Brasileiro,Café Torrado e Moído 500g Café Brasileiro,500g,São Paulo,SP,Sudeste,28.99,,0,1,https://www.paodeacucar.com/produto/62071/cafe-torrado-e-moido-tradicional-cafe-brasileiro-pacote-500g,,Mercearia,10,,1,Mercearias Secas
58438,2026-09-10,13:31:13,Pão de Açúcar,União,Café Torrado e Moído 500g União,500g,São Paulo,SP,Sudeste,,,0,0,https://www.paodeacucar.com/produto/1376191/cafe-torrado-e-moido-tradicional-uniao-pacote-500g,produto_indisponivel,Mercearia,,,2,Mercearias Secas
58439,2026-09-10,13:31:36,Extra,Tio João,Arroz Branco 5kg Tio João,5kg,São Paulo,SP,Sudeste,29.99,,0,1,https://www.extramercado.com.br/produto/138068/arroz-agulhinha-tipo-1-tio-joao-pacote-5kg,,Mercearia,10,,1,Mercearias Secas
58440,2026-09-10,13:31:48,Extra,Camil,Arroz Branco 5kg Camil,5kg,São Paulo,SP,Sudeste,20.99,,0,1,https://www.extramercado.com.br/produto/41329/arroz-agulhinha-tipo-1-camil-pacote-5kg,,Mercearia,10,,1,Mercearias Secas
58441,2026-09-10,13:31:59,Extra,Camil,Feijão Carioca 1kg Camil,1kg,São Paulo,SP,Sudeste,9.99,,0,1,https://www.extramercado.com.br/produto/9461/feijao-carioca-tipo-1-camil-pacote-1kg,,Mercearia,10,,1,Mercearias Secas
58442,2026-09-10,13:32:11,Extra,Kicaldo,Feijão Carioca 1kg Kicaldo,1kg,São Paulo,SP,Sudeste,9.99,,0,1,https://www.extramercado.com.br/produto/109209/feijao-carioca-tipo-1-kicaldo-pacote-1kg,,Mercearia,10,,1,Mercearias Secas
58443,2026-09-10,13:32:22,Extra,União,Açúcar Refinado 1kg União,1kg,São Paulo,SP,Sudeste,3.89,,0,1,https://www.extramercado.com.br/produto/74215/acucar-refinado-uniao-pacote-1kg,,Mercearia,10,,1,Mercearias Secas
58444,2026-09-10,13:32:33,Extra,Caravelas,Açúcar Refinado 1kg Caravelas,1kg,São Paulo,SP,Sudeste,3.39,,0,1,https://www.extramercado.com.br/produto/61474/acucar-refinado-caravelas-pacote-1kg,,Mercearia,10,,1,Mercearias Secas
58445,2026-09-10,13:32:45,Extra,Guarani,Açúcar Refinado 1kg Guarani,1kg,São Paulo,SP,Sudeste,,,0,0,https://www.extramercado.com.br/produto/359075/acucar-refinado-guarani-pacote-1kg,produto_indisponivel,Mercearia,,,2,Mercearias Secas
58446,2026-09-10,13:33:06,Extra,Sol,Farinha de Trigo 1kg Sol,1kg,São Paulo,SP,Sudeste,,,0,0,https://www.extramercado.com.br/produto/359075/farinha-de-trigo-sol-1kg,produto_indisponivel,Mercearia,,,2,Mercearias Secas
58447,2026-09-10,13:33:28,Extra,Pilão,Café Torrado e Moído 500g Pilão,500g,São Paulo,SP,Sudeste,24.99,,0,1,https://www.extramercado.com.br/produto/152052/cafe-torrado-e-moido-tradicional-pilao-pacote-500g,,Mercearia,10,,1,Mercearias Secas
58448,2026-09-10,13:33:39,Extra,Melitta,Café Torrado e Moído 500g Melitta,500g,São Paulo,SP,Sudeste,,,0,0,https://www.extramercado.com.br/produto/345621/cafe-torrado-e-moido-tradicional-melitta-pacote-500g,produto_indisponivel,Mercearia,,,2,Mercearias Secas
58449,2026-09-10,13:34:01,Extra,Café Brasileiro,Café Torrado e Moído 500g Café Brasileiro,500g,São Paulo,SP,Sudeste,27.99,,0,1,https://www.extramercado.com.br/produto/62071/cafe-torrado-e-moido-tradicional-cafe-brasileiro-pacote-500g,,Mercearia,10,,1,Mercearias Secas
58450,2026-09-10,13:34:11,Extra,União,Café Torrado e Moído 500g União,500g,São Paulo,SP,Sudeste,,,0,0,https://www.extramercado.com.br/produto/1442268/cafe-torrado-e-moido-tradicional-uniao-pacote-500g,produto_indisponivel,Mercearia,,,2,Mercearias Secas
58451,2026-09-10,13:34:34,Atacadão,Tio João,Arroz Branco 5kg Tio João,5kg,São Paulo,SP,Sudeste,,,0,0,https://www.atacadao.com.br/arroz-tio-joao-agulhinha---tipo-1-5148-15022/p,pagina_invalida_url_desatualizada,Mercearia,,,2,Mercearias Secas
58452,2026-09-10,13:34:55,Atacadão,Camil,Arroz Branco 5kg Camil,5kg,São Paulo,SP,Sudeste,,,0,0,https://www.atacadao.com.br/arroz-camil-agulhinha---tipo-1-pacote-com-5kg-12658-13743/p,pagina_invalida_url_desatualizada,Mercearia,,,2,Mercearias Secas
58453,2026-09-10,13:35:15,Atacadão,Camil,Feijão Carioca 1kg Camil,1kg,São Paulo,SP,Sudeste,,,0,0,https://www.atacadao.com.br/feijao-carioca-camil-tipo-1-7382-9742/p,produto_indisponivel,Mercearia,,,2,Mercearias Secas
58454,2026-09-10,13:35:35,Atacadão,Kicaldo,Feijão Carioca 1kg Kicaldo,1kg,São Paulo,SP,Sudeste,7.79,,0,1,https://www.atacadao.com.br/feijao-carioca-kicaldo-tipo-1-pacote-com-1kg-11874-9925/p,,Mercearia,10,,1,Mercearias Secas
58455,2026-09-10,13:35:44,Atacadão,União,Açúcar Refinado 1kg União,1kg,São Paulo,SP,Sudeste,3.09,,0,1,https://www.atacadao.com.br/acucar-uniao-refinado-21176-2371/p,,Mercearia,10,,1,Mercearias Secas
58456,2026-09-10,13:35:53,Atacadão,Caravelas,Açúcar Refinado 1kg Caravelas,1kg,São Paulo,SP,Sudeste,2.99,,0,1,https://www.atacadao.com.br/acucar-caravelas-refinado-25668-1517/p,,Mercearia,10,,1,Mercearias Secas
58457,2026-09-10,13:36:04,Atacadão,Da Barra,Açúcar Refinado 1kg Da Barra,1kg,São Paulo,SP,Sudeste,,,0,0,https://www.atacadao.com.br/acucar-da-barra-refinado-pacote-com-1kg-15604-1814/p,pagina_invalida_url_desatualizada,Mercearia,,,2,Mercearias Secas
58458,2026-09-10,13:36:24,Atacadão,Dona Benta,Farinha de Trigo 1kg Dona Benta,1kg,São Paulo,SP,Sudeste,,,0,0,https://www.atacadao.com.br/farinha-de-trigo-dona-benta-tipo-1-pacote-com-1kg-23162-8563/p,pagina_invalida_url_desatualizada,Mercearia,,,2,Mercearias Secas
58459,2026-09-10,13:36:45,Atacadão,Venturelli,Farinha de Trigo 1kg Venturelli,1kg,São Paulo,SP,Sudeste,,,0,0,https://www.atacadao.com.br/farinha-de-trigo-venturelli-tipo-1-pacote-com-1kg-66335-9230/p,produto_indisponivel,Mercearia,,,2,Mercearias Secas
58460,2026-09-10,13:37:05,Atacadão,Pilão,Café Torrado e Moído 500g Pilão,500g,São Paulo,SP,Sudeste,21.9,,0,1,https://www.atacadao.com.br/cafe-pilao-almofada-4959-3014/p,,Mercearia,10,,1,Mercearias Secas
58461,2026-09-10,13:37:16,Atacadão,3 Corações,Café Torrado e Moído 500g 3 Corações,500g,São Paulo,SP,Sudeste,21.9,,0,1,https://www.atacadao.com.br/cafe-3-coracoes-tradicional-23371-915/p,,Mercearia,10,,1,Mercearias Secas
58462,2026-09-10,13:37:25,Atacadão,Melitta,Café Torrado e Moído 500g Melitta,500g,São Paulo,SP,Sudeste,,,0,0,https://www.atacadao.com.br/cafe-melitta-tradicional-vacuo-caixeta-com-500g-18816-2617/p,pagina_invalida_url_desatualizada,Mercearia,,,2,Mercearias Secas
58463,2026-09-10,13:37:45,Atacadão,União,Café Torrado e Moído 500g União,500g,São Paulo,SP,Sudeste,18.9,,0,1,https://www.atacadao.com.br/cafe-uniao-tradicional-76123-3853/p,,Mercearia,10,,1,Mercearias Secas
58464,2026-09-10,00:00:00,Pão de Açúcar,União,Café Torrado e Moído 500g União,500g,São Paulo,SP,Sudeste,28.99,,0,1,https://www.paodeacucar.com/produto/1376191/cafe-torrado-e-moido-tradicional-uniao-pacote-500g,copiado_dia_anterior,Mercearia,99,,1,Mercearias Secas
58465,2026-09-10,00:00:00,Extra,Guarani,Açúcar Refinado 1kg Guarani,1kg,São Paulo,SP,Sudeste,5.29,,0,1,https://www.extramercado.com.br/produto/359075/acucar-refinado-guarani-pacote-1kg,copiado_dia_anterior,Mercearia,99,,1,Mercearias Secas
58466,2026-09-10,00:00:00,Extra,Sol,Farinha de Trigo 1kg Sol,1kg,São Paulo,SP,Sudeste,5.29,,0,1,https://www.extramercado.com.br/produto/359075/farinha-de-trigo-sol-1kg,copiado_dia_anterior,Mercearia,99,,1,Mercearias Secas
58467,2026-09-10,00:00:00,Extra,Melitta,Café Torrado e Moído 500g Melitta,500g,São Paulo,SP,Sudeste,34.99,,0,1,https://www.extramercado.com.br/produto/345621/cafe-torrado-e-moido-tradicional-melitta-pacote-500g,copiado_dia_anterior,Mercearia,99,,1,Mercearias Secas
58468,2026-09-10,00:00:00,Extra,União,Café Torrado e Moído 500g União,500g,São Paulo,SP,Sudeste,27.99,,0,1,https://www.extramercado.com.br/produto/1442268/cafe-torrado-e-moido-tradicional-uniao-pacote-500g,copiado_dia_anterior,Mercearia,99,,1,Mercearias Secas
58469,2026-09-10,00:00:00,Atacadão,Camil,Feijão Carioca 1kg Camil,1kg,São Paulo,SP,Sudeste,7.29,,0,1,https://www.atacadao.com.br/feijao-carioca-camil-tipo-1-7382-9742/p,copiado_dia_anterior,Mercearia,99,,1,Mercearias Secas
